"","x1932y121z96","x2759y143z127","x160y151z389","x1139y160z304","x780y159z131","x1449y159z82","x2173y160z50","x601y164z95","x568y170z400","x2677y173z179","x646y172z164","x1824y183z394","x2471y184z199","x3255y187z174","x3288y215z105","x2615y228z263","x2721y276z111","x107y347z380","x1573y378z239","x1732y415z262","x3596y397z53","x2749y402z108","x694y401z53","x2243y425z160","x2132y436z110","x8y440z150","x546y442z151","x1302y453z138","x166y459z85","x2403y463z135","x1361y469z326","x2073y487z112","x2585y485z135","x2614y486z173","x248y488z85","x1403y489z93","x1465y516z204","x2324y522z207","x83y516z85","x1825y521z231","x2813y524z141","x505y519z103","x1992y557z1310","x2166y530z140","x3431y531z141","x2604y541z96","x2085y559z247","x1717y558z342","x1472y569z253","x3019y557z151","x2336y558z125","x1911y564z225","x754y576z109","x3443y585z317","x1207y603z229","x1155y600z213","x1414y614z116","x2137y610z148","x2703y609z108","x2775y613z98","x396y622z74","x2657y621z41","x1787y647z195","x1748y643z172","x2664y645z94","x3017y655z148","x788y666z162","x429y675z137","x1175y663z105","x1436y673z80","x1858y869z343","x1579y919z283","x2453y938z451","x3174y942z139","x1241y949z65","x2138y977z73","x3346y986z217","x2703y993z386","x3528y997z178","x3389y1007z171","x1589y1014z171","x3017y1024z115","x3002y1068z142","x1751y1120z388","x1690y1151z122","x2047y1167z108","x2549y1163z76","x1744y1184z115","x2557y1215z178","x258y1209z94","x36y1222z184","x656y1240z124","x1729y1253z423","x187y1247z175","x1271y1257z203","x1571y1247z122","x2631y1249z87","x2297y1249z149","x3254y1276z222","x2718y1277z137","x2811y1271z95","x20y1281z300","x2107y1281z214","x733y1286z117","x2254y1293z174","x1249y1305z184","x3190y1306z169","x246y1325z129","x2113y1332z231","x3169y1347z166","x1107y1342z131","x1048y1390z131","x3135y1402z131","x565y1417z106","x1652y1418z84","x362y1425z153","x2985y1428z106","x3036y1442z132","x1365y1441z81","x1580y1466z155","x3480y1462z84","x3200y1472z177","x2862y1473z159","x518y1496z145","x1937y1489z98","x3460y1493z185","x249y1508z107","x428y1515z118","x53y1522z201","x2159y1520z68","x3420y1522z165","x328y1521z68","x2861y1524z104","x1707y1561z139","x2311y1566z272","x1742y1692z109","x306y1720z127","x555y1737z210","x1601y1745z445","x2147y1758z155","x238y1784z192","x3242y1788z78","x2614y1796z127","x1863y1908z118","x2542y1969z73","x3256y1991z158","x2759y73z150","x2701y108z141","x1464y108z162","x1766y120z157","x1207y124z122","x1719y257z195","x244y298z120","x1099y337z52","x2703y337z95","x1273y345z173","x1714y351z237","x3251y377z181","x3112y428z65","x2576y432z46","x1361y519z192","x368y521z155","x1187y519z129","x3256y522z219","x3079y525z112","x1261y540z160","x2064y540z94","x2310y613z97","x3035y616z57","x1767y623z103","x2787y670z111","x2664y846z153","x1831y843z176","x3358y899z97","x523y933z70","x760y975z161","x2310y1013z140","x1839y1042z55","x1308y1113z133","x1053y1158z106","x2145y1216z248","x2694y1210z251","x1181y1246z123","x3099y1259z221","x2133y1264z83","x1155y1325z58","x2222y1339z91","x2701y1413z287","x2169y1427z82","x3446y1431z92","x1233y1519z102","x2044y1517z59","x616y1578z86","x1522y1698z181","x1782y1727z188","x1327y1728z205","x3451y1753z115","x1943y1765z119","x2264y1970z79","x2148y31z396","x1948y69z163","x41y510z132","x124y588z142","x2161y645z568","x1979y771z118","x2563y811z320","x3178y838z204","x3584y843z241","x3151y844z130","x399y1360z144","x460y1395z101","x2442y1426z103","x968y1672z89","x2643y1686z97","x476y1836z106","x1762y70z104","x3029y72z101","x1444y207z128","x607y234z100","x3118y251z88","x1484y474z64","x618y477z190","x2278y514z191","x42y608z400","x2239y798z127","x3504y808z219","x3382y890z91","x2804y942z114","x1873y951z58","x409y1007z124","x2901y1387z263","x1277y1430z84","x796y1683z154","x2316y1718z183","x224y1741z175","x1290y1786z157","x2352y1998z40","x1069y112z75","x106y156z81","x396y460z91","x2992y480z996","x1895y521z74","x2784y556z267","x2024y816z149","x610y838z217","x3316y902z146","x3297y942z270","x3356y1428z53","x3308y1520z87","x3365y1710z108","x1412y1751z152","x2375y1832z179","x296y1834z146","x564y112z81","x3274y144z132","x1769y235z253","x638y340z63","x3302y432z44","x3360y507z107","x3521y511z41","x2592y1313z134","x1828y1406z55","x2321y1661z163","x647y1832z156","x210y415z203","x3168y769z295","x3375y819z850","x347y804z103","x3080y821z427","x512y1173z238","x1637y1984z107","x1037y854z172","x1445y971z480","x3026y971z181","x1104y1063z113","x2940y1499z362","x1663y624z393","x1455y941z161","x2761y940z49","x47y184z830","x2731y895z75","x2268y1655z229","x2860y1883z80","x597y1995z122","x3292y74z1076","x1750y860z351","x845y1878z750","x3319y163z497","x2081y166z239","x3206y270z657","x2452y489z243","x2231y580z307","x2585y634z1251","x1127y1501z412","x2502y1726z172","x466y586z404","x2526y1705z286","x2740y1699z92","x2711y156z101","x3376y1798z194","x971y110z75","x1616y527z867","x2621y1069z799","x2451y1053z432","x2596y489z938","x3288y601z181","x2062y364z631","x973y807z249","x1058y902z279","x2610y1669z195","x2857y1504z801","x958y1796z326"
"1",96,127,389,304,131,82,50,95,400,179,164,394,199,174,105,263,111,380,239,262,53,108,53,160,110,150,151,138,85,135,326,112,135,173,85,93,204,207,85,231,141,103,1310,140,141,96,247,342,253,151,125,225,109,317,229,213,116,148,108,98,74,41,195,172,94,148,162,137,105,80,343,283,451,139,65,73,217,386,178,171,171,115,142,388,122,108,76,115,178,94,184,124,423,175,203,122,87,149,222,137,95,300,214,117,174,184,169,129,231,166,131,131,131,106,84,153,106,132,81,155,84,177,159,145,98,185,107,118,201,68,165,68,104,139,272,109,127,210,445,155,192,78,127,118,73,158,NA,NA,NA,NA,NA,NA,NA,NA,NA,NA,NA,NA,NA,NA,NA,NA,NA,NA,NA,NA,NA,NA,NA,NA,NA,NA,NA,NA,NA,NA,NA,NA,NA,NA,NA,NA,NA,NA,NA,NA,NA,NA,NA,NA,NA,NA,NA,NA,NA,NA,NA,NA,NA,NA,NA,NA,NA,NA,NA,NA,NA,NA,NA,NA,NA,NA,NA,NA,NA,NA,NA,NA,NA,NA,NA,NA,NA,NA,NA,NA,NA,NA,NA,NA,NA,NA,NA,NA,NA,NA,NA,NA,NA,NA,NA,NA,NA,NA,NA,NA,NA,NA,NA,NA,NA,NA,NA,NA,NA,NA,NA,NA,NA,NA,NA,NA,NA,NA,NA,NA,NA,NA,NA,NA,NA,NA,NA,NA,NA,NA,NA,NA,NA,NA,NA,NA,NA,NA,NA,NA,NA,NA,NA,NA,NA,NA,NA,NA,NA,NA,NA,NA,NA,NA,NA,NA,NA,NA,NA,NA,NA,NA,NA,NA,NA,NA
"2",96,151,498,252,144,120,67,126,389,181,195,431,222,159,124,284,98,391,249,271,51,129,58,166,144,180,154,188,106,146,318,100,136,189,90,113,231,193,119,300,185,130,1260,159,172,114,270,354,278,153,114,240,119,340,294,245,139,143,109,113,81,55,210,156,91,145,179,152,114,80,497,289,503,170,59,92,202,441,155,157,185,124,155,436,168,114,96,120,179,105,194,143,476,253,269,143,111,182,217,123,106,328,252,114,160,169,192,155,262,167,130,139,119,131,90,202,123,145,85,165,73,190,168,156,117,180,130,159,266,71,220,91,120,146,250,107,140,238,440,163,213,90,142,112,102,179,150,141,162,157,122,195,120,52,95,173,237,181,65,46,192,155,129,219,112,160,94,97,57,103,111,153,176,97,70,161,140,55,133,106,248,251,123,221,83,58,91,287,82,92,102,59,86,181,188,205,115,119,79,NA,NA,NA,NA,NA,NA,NA,NA,NA,NA,NA,NA,NA,NA,NA,NA,NA,NA,NA,NA,NA,NA,NA,NA,NA,NA,NA,NA,NA,NA,NA,NA,NA,NA,NA,NA,NA,NA,NA,NA,NA,NA,NA,NA,NA,NA,NA,NA,NA,NA,NA,NA,NA,NA,NA,NA,NA,NA,NA,NA,NA,NA,NA,NA,NA,NA,NA,NA,NA,NA,NA,NA,NA,NA,NA,NA,NA,NA,NA,NA,NA,NA,NA,NA,NA,NA,NA,NA,NA,NA,NA,NA,NA,NA,NA,NA,NA,NA,NA,NA,NA,NA,NA,NA,NA,NA,NA,NA,NA,NA,NA,NA,NA
"3",132,181,546,309,202,154,74,155,395,234,244,517,281,182,117,224,131,477,316,304,72,173,52,192,150,181,161,212,122,172,307,136,146,215,91,117,250,243,139,326,153,134,1239,162,163,125,310,396,324,162,138,274,143,306,300,244,154,167,133,122,85,55,243,186,94,144,191,160,132,97,434,391,412,180,60,98,284,496,171,169,191,151,179,547,157,133,112,135,202,127,209,156,512,284,298,156,111,205,244,119,134,357,289,123,207,185,194,156,295,198,146,167,154,120,80,251,133,156,90,167,91,202,201,227,128,208,138,163,319,103,274,93,124,172,276,111,147,235,422,203,270,117,136,111,109,226,147,181,208,200,154,251,148,68,113,191,292,231,63,60,204,173,114,196,107,162,130,115,64,137,116,224,206,125,94,234,178,63,158,135,300,280,131,262,98,60,98,255,111,104,110,61,91,196,201,223,158,139,99,396,163,132,142,568,118,320,204,241,130,144,101,103,89,97,106,NA,NA,NA,NA,NA,NA,NA,NA,NA,NA,NA,NA,NA,NA,NA,NA,NA,NA,NA,NA,NA,NA,NA,NA,NA,NA,NA,NA,NA,NA,NA,NA,NA,NA,NA,NA,NA,NA,NA,NA,NA,NA,NA,NA,NA,NA,NA,NA,NA,NA,NA,NA,NA,NA,NA,NA,NA,NA,NA,NA,NA,NA,NA,NA,NA,NA,NA,NA,NA,NA,NA,NA,NA,NA,NA,NA,NA,NA,NA,NA,NA,NA,NA,NA,NA,NA,NA,NA,NA,NA,NA,NA,NA,NA,NA,NA,NA
"4",147,169,587,306,212,192,74,173,356,254,275,559,300,214,135,250,121,587,328,318,74,193,56,194,199,176,182,239,127,193,318,144,154,233,97,116,291,225,150,372,170,130,1288,163,180,131,302,424,332,165,137,260,166,333,295,246,159,186,130,135,92,62,255,183,98,162,200,156,135,97,510,401,465,211,54,104,296,504,189,199,199,162,206,605,178,160,118,153,233,130,234,160,559,337,348,154,101,243,247,113,138,398,294,107,183,210,197,175,321,205,133,176,154,107,71,283,153,138,95,175,86,215,195,234,146,221,137,175,335,99,279,99,171,172,261,132,178,266,449,199,321,150,140,106,125,224,202,184,209,191,148,250,152,86,149,271,300,235,72,76,247,206,123,248,124,156,123,137,65,135,150,245,261,140,85,247,189,68,188,171,320,286,141,280,93,58,107,313,112,131,107,84,92,231,230,236,187,149,115,302,201,152,151,578,119,309,230,249,130,211,108,123,95,105,119,104,101,128,100,88,64,190,191,400,127,219,91,114,58,124,263,84,154,183,175,157,40,NA,NA,NA,NA,NA,NA,NA,NA,NA,NA,NA,NA,NA,NA,NA,NA,NA,NA,NA,NA,NA,NA,NA,NA,NA,NA,NA,NA,NA,NA,NA,NA,NA,NA,NA,NA,NA,NA,NA,NA,NA,NA,NA,NA,NA,NA,NA,NA,NA,NA,NA,NA,NA,NA,NA,NA,NA,NA,NA,NA,NA,NA,NA,NA,NA,NA,NA,NA,NA,NA,NA,NA,NA,NA,NA
"5",165,215,619,342,257,208,75,193,371,294,318,634,335,220,150,214,142,566,357,358,79,213,53,204,164,184,199,286,151,209,297,165,172,274,101,124,310,255,165,391,167,126,1332,167,195,160,319,466,391,187,167,279,190,314,271,280,164,187,146,124,102,67,287,208,117,175,221,174,148,96,493,448,409,237,58,102,334,583,210,216,242,202,245,665,188,168,123,172,242,160,252,159,588,381,345,168,87,277,290,119,154,407,314,117,211,223,221,230,345,234,153,223,167,108,84,322,159,152,97,197,104,237,228,270,150,279,146,194,391,117,324,102,183,197,313,165,195,279,410,244,354,212,189,107,125,254,205,219,251,251,167,310,165,98,153,294,350,259,77,64,260,232,125,265,106,172,147,128,52,160,136,256,303,158,102,297,228,87,204,190,373,331,127,311,110,56,100,288,133,107,124,70,96,242,263,255,206,190,117,368,206,174,190,652,128,320,243,222,174,215,140,125,105,127,119,123,111,154,125,79,78,210,220,492,140,242,107,134,71,138,321,88,159,189,194,223,57,75,81,91,996,74,267,149,217,146,270,53,87,108,152,179,146,NA,NA,NA,NA,NA,NA,NA,NA,NA,NA,NA,NA,NA,NA,NA,NA,NA,NA,NA,NA,NA,NA,NA,NA,NA,NA,NA,NA,NA,NA,NA,NA,NA,NA,NA,NA,NA,NA,NA,NA,NA,NA,NA,NA,NA,NA,NA,NA,NA,NA,NA,NA,NA,NA,NA,NA,NA,NA,NA
"6",156,176,665,338,244,244,66,189,346,314,308,649,377,206,171,271,136,630,352,421,68,222,57,224,180,182,195,280,160,232,322,149,178,298,123,138,395,222,161,419,165,135,1302,172,208,179,287,476,394,183,154,283,185,369,278,304,164,192,147,126,110,86,283,215,115,202,218,183,131,99,470,613,481,255,76,94,310,604,221,197,256,210,245,745,195,155,126,187,252,199,227,163,644,403,395,160,82,271,274,109,154,448,287,104,171,205,219,247,383,215,146,185,161,106,84,339,169,144,94,215,91,237,216,261,165,259,132,200,379,94,292,112,216,212,317,160,195,302,445,240,390,233,185,112,132,236,276,193,248,237,173,270,174,137,166,338,332,217,82,67,278,250,131,308,117,185,118,134,41,154,159,262,330,151,97,319,197,79,211,182,366,334,130,322,103,70,104,294,126,128,143,89,105,274,306,268,231,192,121,285,250,193,193,649,129,336,262,229,168,233,200,107,102,121,144,134,111,171,139,115,69,207,194,480,132,217,87,128,82,145,335,77,182,186,235,203,64,70,85,99,1040,104,204,160,216,114,290,76,103,106,148,200,182,81,132,253,63,44,107,41,134,55,163,156,NA,NA,NA,NA,NA,NA,NA,NA,NA,NA,NA,NA,NA,NA,NA,NA,NA,NA,NA,NA,NA,NA,NA,NA,NA,NA,NA,NA,NA,NA,NA,NA,NA,NA,NA,NA,NA,NA,NA,NA,NA,NA,NA,NA,NA,NA,NA,NA
"7",193,224,734,410,324,270,80,225,364,353,370,728,464,250,149,214,178,725,418,554,92,259,60,256,186,190,232,330,188,273,300,165,200,321,134,167,425,257,176,518,196,154,1400,174,240,210,339,559,435,222,183,313,229,310,307,313,174,200,158,149,125,92,323,251,136,187,252,199,119,91,489,691,400,273,86,104,403,669,260,259,268,242,301,815,249,193,130,225,282,227,266,189,753,450,463,190,99,330,337,123,173,483,366,124,229,255,248,300,430,266,174,240,205,121,111,391,194,158,104,230,115,262,245,334,192,308,168,243,492,125,342,134,271,257,352,174,229,306,391,311,434,272,192,114,186,284,281,271,300,307,209,351,200,154,159,384,424,292,101,84,321,299,136,347,150,202,164,147,54,185,174,343,395,149,115,363,279,101,241,238,431,384,167,364,138,80,128,330,163,170,201,114,133,283,344,248,246,203,150,370,298,203,226,742,160,395,339,260,193,338,219,145,111,149,140,146,91,221,187,123,87,249,234,604,120,273,121,119,80,144,386,99,183,231,230,260,83,93,103,125,1186,107,236,155,224,145,337,96,118,123,170,229,181,110,110,296,64,48,122,60,158,53,181,160,203,295,850,103,427,238,107,NA,NA,NA,NA,NA,NA,NA,NA,NA,NA,NA,NA,NA,NA,NA,NA,NA,NA,NA,NA,NA,NA,NA,NA,NA,NA,NA,NA,NA,NA,NA,NA,NA,NA,NA,NA,NA,NA,NA,NA,NA
"8",175,211,719,374,306,284,84,205,360,382,379,739,470,220,191,281,151,740,400,509,90,261,56,250,225,180,231,343,198,316,323,162,203,340,137,166,462,218,178,537,207,171,1332,197,236,210,314,541,453,214,168,305,210,371,335,340,175,213,153,185,131,99,318,244,125,226,253,201,103,78,472,736,484,318,89,138,327,674,247,209,280,232,313,907,277,161,142,215,302,235,248,205,787,468,496,274,95,322,320,112,174,490,346,103,181,262,228,304,446,241,165,211,187,131,113,418,208,154,101,235,110,264,250,254,199,270,157,261,458,109,314,146,293,264,354,192,248,342,419,310,430,276,198,130,179,259,340,247,315,285,191,320,213,149,181,442,411,246,96,102,349,330,156,394,164,216,134,167,60,186,209,344,577,146,119,376,217,97,263,214,418,551,164,383,113,89,153,367,164,196,222,141,143,321,401,285,290,207,160,312,304,214,220,746,168,394,345,246,186,292,233,131,116,136,160,162,109,201,190,157,77,240,230,596,124,240,98,113,87,162,408,96,178,247,283,217,81,71,107,119,1188,149,236,163,257,129,330,118,139,122,177,201,171,93,123,345,73,65,173,52,172,63,171,203,208,268,834,113,449,194,105,172,480,181,113,362,NA,NA,NA,NA,NA,NA,NA,NA,NA,NA,NA,NA,NA,NA,NA,NA,NA,NA,NA,NA,NA,NA,NA,NA,NA,NA,NA,NA,NA,NA,NA,NA,NA,NA,NA,NA
"9",181,207,757,404,330,297,86,209,385,455,401,798,548,238,214,278,165,735,423,544,108,276,55,253,226,195,250,365,222,351,311,174,207,373,143,172,482,225,178,564,215,183,1388,204,242,221,331,573,490,225,175,347,227,369,344,371,194,213,154,198,148,115,329,250,136,234,259,205,103,72,507,816,496,344,101,110,353,709,270,222,309,250,340,966,300,187,164,247,365,257,278,245,853,503,495,271,92,334,331,120,180,454,370,103,192,264,237,375,443,248,168,224,197,148,114,449,231,154,108,253,105,276,260,318,235,281,165,279,499,100,327,142,300,272,388,224,282,372,450,365,453,293,201,127,190,289,378,260,335,323,204,346,225,164,188,496,426,241,102,108,382,370,179,402,176,222,134,163,62,188,197,390,596,159,127,410,229,109,287,218,439,580,163,402,119,106,137,387,168,184,208,133,154,364,415,308,302,227,158,306,311,242,245,888,178,432,275,268,192,314,256,130,157,142,169,188,128,224,204,167,80,267,242,640,146,241,90,120,110,169,459,85,190,290,311,226,89,78,105,128,1294,165,237,164,268,142,382,103,124,124,171,212,205,108,161,367,87,66,175,42,192,68,198,230,224,280,910,124,490,285,108,182,371,179,121,351,393,161,49,NA,NA,NA,NA,NA,NA,NA,NA,NA,NA,NA,NA,NA,NA,NA,NA,NA,NA,NA,NA,NA,NA,NA,NA,NA,NA,NA,NA,NA,NA,NA,NA,NA
"10",200,244,793,429,369,366,103,222,367,546,458,843,640,274,253,247,190,913,482,635,124,308,57,282,249,210,278,388,239,379,301,195,222,402,156,183,521,246,236,655,239,201,1435,213,263,230,348,620,514,242,189,369,241,357,384,378,217,214,162,229,157,132,374,271,152,244,273,208,118,77,470,849,456,346,111,148,383,764,304,250,339,274,395,1027,350,202,177,258,397,282,346,266,931,592,568,306,108,359,369,112,186,535,418,110,205,261,254,413,497,264,176,226,228,154,123,492,268,153,121,268,121,294,277,388,261,308,208,313,641,113,344,167,348,293,400,247,345,399,436,406,567,304,239,131,229,303,384,300,376,380,216,407,264,174,215,531,454,276,116,135,429,433,163,411,202,231,154,204,72,201,201,410,649,184,134,434,231,119,315,254,483,647,202,417,142,108,150,427,193,229,248,150,175,373,413,308,312,256,195,348,310,249,279,913,217,456,309,310,202,464,266,158,178,199,152,205,142,254,240,208,86,291,230,738,155,269,103,132,89,175,498,108,237,320,335,286,91,81,127,128,1350,175,252,196,313,145,505,125,157,139,170,211,233,119,162,437,114,91,173,60,224,58,220,225,248,300,1045,146,522,383,108,184,396,164,131,416,446,168,51,830,75,229,80,122,NA,NA,NA,NA,NA,NA,NA,NA,NA,NA,NA,NA,NA,NA,NA,NA,NA,NA,NA,NA,NA,NA,NA,NA,NA,NA,NA,NA
"11",221,271,896,473,426,442,133,246,372,576,487,882,684,295,291,225,213,1032,531,695,137,346,63,259,234,197,310,434,262,412,305,221,248,436,173,197,599,268,263,758,261,218,1487,220,272,241,367,667,567,259,192,402,256,338,423,430,240,229,173,252,171,129,391,296,164,246,287,223,91,82,475,953,425,366,130,161,411,789,333,276,343,293,455,1087,386,205,188,276,426,315,380,259,984,685,596,325,116,379,391,110,200,564,443,123,232,256,271,455,519,289,190,261,247,180,138,533,281,165,128,284,131,309,293,430,283,311,230,340,726,117,353,183,349,324,425,278,366,388,421,399,651,320,257,122,244,318,417,330,410,455,239,451,285,216,242,572,476,284,122,147,507,493,177,444,220,255,162,229,75,214,200,504,699,185,151,477,256,134,343,292,526,718,226,433,162,129,185,451,202,251,283,163,184,404,446,321,330,276,211,362,367,274,309,968,284,491,332,332,225,398,282,172,236,171,157,256,162,299,272,224,92,318,236,839,169,285,103,150,93,193,575,124,251,381,355,419,90,84,141,143,1418,227,248,231,357,149,407,132,163,147,188,231,227,144,158,509,118,114,166,63,241,55,177,252,282,355,1147,120,577,404,116,209,440,146,137,407,478,195,61,882,85,248,89,130,1076,351,750,NA,NA,NA,NA,NA,NA,NA,NA,NA,NA,NA,NA,NA,NA,NA,NA,NA,NA,NA,NA,NA,NA,NA,NA,NA
"12",232,265,932,509,437,440,135,242,380,642,492,937,739,285,272,269,210,1102,541,708,147,367,56,289,280,203,301,450,294,423,319,228,252,477,191,198,642,254,266,803,287,230,1515,223,222,246,382,698,591,255,187,409,226,367,438,448,251,242,169,277,168,146,426,318,176,271,283,226,102,92,462,976,472,391,139,175,389,837,324,278,332,289,484,1162,411,191,193,277,452,353,400,283,1045,730,615,338,115,394,388,110,201,570,448,110,213,246,269,477,547,282,192,245,261,163,143,556,314,165,132,297,112,314,289,429,309,378,231,384,760,103,342,205,348,327,448,280,381,485,451,430,671,326,287,129,256,311,482,323,431,465,248,442,307,209,260,556,488,270,131,151,547,521,215,498,209,275,148,274,80,203,221,543,745,157,175,492,232,163,375,276,490,704,234,453,150,147,211,524,177,248,289,167,186,439,479,349,349,279,212,323,369,286,336,1010,298,535,339,317,228,534,313,154,238,168,160,270,148,314,325,243,90,317,250,915,170,274,95,141,100,206,624,124,258,393,399,362,87,82,154,150,1486,223,274,256,365,137,569,129,161,143,222,224,247,141,180,576,118,113,197,59,226,63,173,290,305,343,1112,124,585,438,110,214,471,157,143,420,502,212,59,938,64,270,103,130,1427,333,806,497,239,657,243,307,1251,412,172,NA,NA,NA,NA,NA,NA,NA,NA,NA,NA,NA,NA,NA,NA,NA,NA,NA
"13",243,292,928,555,499,501,160,269,377,734,540,1017,807,324,300,242,236,1216,579,775,173,412,60,305,307,202,332,456,315,442,297,248,265,498,207,203,679,266,310,877,301,236,1535,236,258,279,392,755,789,284,196,439,241,342,464,471,293,254,173,314,173,157,471,341,191,284,286,236,99,94,491,1038,428,407,150,205,420,878,363,300,343,300,519,1231,470,209,195,304,468,411,446,302,1092,794,690,361,130,417,391,107,218,611,476,113,231,248,287,515,570,296,209,256,265,214,169,618,361,172,131,321,115,328,300,470,300,401,266,429,871,108,360,233,396,358,474,311,416,508,409,451,763,349,293,128,270,311,501,367,463,540,268,496,319,232,287,557,489,284,155,180,619,566,257,476,254,280,160,324,94,210,241,600,959,177,196,539,248,171,387,287,645,764,287,470,163,169,244,547,181,297,358,171,206,462,516,344,371,301,244,358,431,306,367,1035,305,607,387,344,240,442,303,188,239,171,162,325,185,341,374,231,101,333,254,1004,179,297,98,152,101,220,649,142,298,448,437,392,83,76,175,162,1547,253,287,279,398,167,591,152,201,150,239,250,259,167,141,658,122,137,192,77,243,68,179,305,343,348,1218,139,642,546,108,248,518,195,157,465,544,229,62,1035,69,285,103,121,1507,368,952,719,309,779,244,336,1346,440,173,404,286,92,NA,NA,NA,NA,NA,NA,NA,NA,NA,NA,NA,NA,NA,NA
"14",255,293,1000,601,553,548,180,269,369,726,554,1077,834,311,323,248,236,1246,609,731,191,453,58,320,346,197,336,485,356,473,305,276,272,529,235,205,749,283,364,955,334,254,1569,250,290,274,406,798,814,288,191,460,251,351,486,502,335,271,171,345,179,175,503,357,200,318,304,252,103,105,474,1096,454,438,153,228,426,936,369,313,350,310,557,1332,532,222,191,319,437,421,436,312,1149,1186,704,377,137,438,394,118,210,620,499,111,245,253,293,504,594,309,209,249,275,213,176,642,380,172,133,338,119,344,305,475,335,400,273,450,933,109,368,237,368,379,499,313,460,523,424,518,857,363,304,129,282,316,477,392,510,585,287,490,320,279,317,546,554,272,169,189,690,613,270,561,304,295,158,349,96,210,264,638,1059,182,202,593,240,197,428,339,680,785,331,493,163,175,262,646,198,297,381,172,210,511,557,373,390,316,249,304,482,333,433,1085,327,715,408,382,238,446,332,178,264,187,179,370,231,363,424,243,101,333,262,1118,149,290,102,153,98,239,740,142,313,519,463,429,89,73,175,161,1624,267,311,302,420,173,618,146,201,165,281,257,306,169,143,718,124,142,197,82,269,70,183,323,365,331,1246,131,661,570,107,282,561,226,162,500,617,244,62,1087,66,298,95,138,1610,381,1000,770,329,846,259,348,1413,494,188,417,292,97,101,194,NA,NA,NA,NA,NA,NA,NA,NA,NA,NA,NA,NA
"15",272,319,1040,664,608,578,173,279,378,820,608,1050,894,323,304,262,233,1386,661,872,194,470,56,347,347,189,348,486,388,463,300,270,291,580,239,215,800,288,380,1391,362,277,1600,240,421,289,424,849,857,313,191,487,262,353,513,569,356,292,181,378,173,181,542,380,216,311,302,260,115,91,440,1158,457,482,174,244,439,973,386,323,345,320,594,1404,574,199,217,337,592,427,512,355,1261,1270,727,434,132,460,396,116,212,633,533,114,248,283,305,565,615,316,218,253,287,244,185,676,402,173,135,349,121,364,311,505,347,413,296,511,1023,104,353,265,377,410,511,330,444,556,426,734,979,408,326,128,293,320,567,416,564,619,320,544,344,311,334,546,609,279,167,181,770,663,289,625,310,319,159,348,90,209,251,692,1212,190,245,620,233,209,460,348,719,799,340,516,165,201,292,692,205,309,392,192,226,548,568,401,408,338,274,321,525,346,401,1137,328,815,423,395,230,600,337,184,295,215,185,411,264,398,449,318,103,338,294,1250,171,294,106,158,140,258,763,144,331,537,484,474,85,81,201,163,1697,303,322,322,342,180,669,143,193,178,299,262,350,170,185,809,126,126,220,70,290,91,197,343,397,355,1330,141,692,672,107,270,617,244,197,506,657,265,64,1193,68,325,104,127,1675,336,1086,823,354,914,288,398,1489,532,191,442,303,106,91,202,NA,NA,NA,NA,NA,NA,NA,NA,NA,NA,NA,NA
"16",273,327,1111,711,618,662,218,284,368,885,579,1119,896,297,368,287,236,1281,705,924,222,510,53,383,391,178,365,473,441,394,304,292,313,604,250,227,850,296,405,1472,399,301,1511,265,455,304,434,897,678,315,198,516,257,373,577,553,392,318,176,433,185,176,571,395,223,338,315,278,97,117,442,1463,486,479,151,279,420,998,392,312,357,326,636,1493,624,206,201,353,551,355,506,384,1377,1348,727,457,161,476,395,120,216,594,564,110,253,274,305,536,685,316,231,254,290,218,177,740,482,176,108,369,112,371,308,478,380,427,318,599,1044,98,351,306,416,446,542,326,358,574,415,747,1045,427,317,142,304,307,669,407,584,626,338,551,326,361,418,563,655,268,182,202,821,688,321,687,371,328,147,388,109,219,273,723,1278,184,269,658,227,218,470,408,769,858,401,539,168,192,342,732,236,354,447,234,234,513,591,453,415,362,303,305,559,362,425,1186,359,819,453,400,239,583,363,198,293,189,189,508,320,400,499,351,101,350,294,1303,169,279,103,151,140,277,719,161,380,613,537,478,79,72,196,158,1761,354,334,324,357,183,702,178,216,190,338,280,396,181,211,863,133,158,252,90,273,79,188,365,429,361,1756,131,743,656,110,284,656,290,216,551,686,297,61,1276,66,332,152,134,1820,346,974,893,398,938,273,395,1592,569,199,480,318,85,116,198,75,867,799,432,NA,NA,NA,NA,NA,NA,NA,NA
"17",321,391,1225,746,713,741,190,302,376,985,635,1114,951,338,357,229,271,1535,774,1023,216,538,57,405,386,185,400,505,435,421,287,342,NA,NA,NA,240,873,361,462,1581,407,322,1637,277,NA,335,461,951,948,356,204,585,282,327,615,582,426,308,172,458,204,210,NA,430,242,370,344,NA,118,145,418,1571,415,708,184,317,493,1030,441,370,366,364,665,1591,705,233,199,385,609,525,598,416,1379,1509,821,512,168,489,419,120,223,686,631,117,281,288,326,636,724,340,255,280,343,297,184,815,532,191,150,389,134,411,322,NA,399,424,375,658,1203,122,372,307,432,500,592,NA,NA,643,396,739,1245,458,330,138,329,304,653,468,667,737,379,619,369,367,417,651,714,305,187,205,890,753,335,688,389,338,170,444,103,239,307,969,1382,223,293,693,262,243,516,435,856,911,435,550,200,210,398,802,243,359,485,228,221,648,617,437,460,372,327,362,592,383,498,1229,364,776,560,474,245,735,388,207,366,264,195,517,356,435,518,385,102,369,285,1513,160,354,124,191,152,275,777,166,386,799,594,479,78,84,210,176,1788,383,371,371,403,230,592,173,222,197,330,298,568,219,188,897,130,165,208,100,301,93,201,371,493,402,1741,139,788,721,115,307,715,294,228,534,738,332,81,1398,73,335,168,124,1915,397,1156,925,433,937,309,402,1614,605,224,498,305,92,116,212,88,870,870,440,938,181,NA,NA,NA,NA,NA,NA
"18",341,428,1322,812,803,808,213,321,363,1013,635,1163,1009,348,338,215,275,1680,838,1116,211,585,56,435,434,178,451,520,511,445,292,375,NA,NA,NA,289,919,400,502,1700,410,350,1603,310,NA,368,483,1026,995,357,208,620,300,318,653,609,471,315,175,481,224,NA,NA,455,NA,377,371,NA,99,174,409,1739,398,627,200,271,522,1069,437,414,381,376,697,1724,770,255,188,413,624,579,625,447,1442,1609,805,564,194,420,435,125,227,728,674,130,296,314,338,682,758,362,262,311,372,296,199,890,568,198,151,421,144,440,319,NA,462,474,377,663,1280,135,401,320,454,544,630,NA,NA,NA,408,924,1544,486,352,135,359,281,741,495,746,803,380,633,393,387,458,632,762,315,187,214,988,814,350,674,403,334,180,478,107,234,323,NA,1487,229,346,745,277,291,613,484,883,978,456,576,208,219,452,897,276,391,551,278,226,NA,865,458,495,381,392,375,619,403,534,1279,360,974,576,463,258,767,442,228,408,329,249,567,407,466,604,378,104,394,289,1677,151,341,133,196,198,277,815,192,443,848,633,524,79,82,217,170,1703,400,378,395,430,262,631,195,240,209,357,326,696,238,206,920,122,154,219,103,315,95,201,396,511,427,1400,128,790,744,111,330,778,307,225,559,729,376,76,1479,59,325,211,126,1926,437,1316,980,502,1017,317,417,1654,658,231,546,310,101,140,232,93,899,884,465,989,197,631,249,279,195,NA,NA
"19",326,458,NA,856,860,866,223,NA,365,1047,NA,1189,1097,349,379,229,260,1931,1171,1184,218,613,53,482,471,198,471,503,515,450,286,376,NA,NA,NA,283,942,391,588,1830,455,357,1648,321,NA,363,492,1082,1035,352,NA,636,311,333,645,682,502,340,178,539,239,NA,NA,NA,NA,411,380,NA,141,184,389,NA,424,702,201,332,537,1113,452,418,378,384,742,1778,794,309,197,406,701,606,NA,484,1549,1696,819,576,188,491,427,117,241,NA,690,113,300,312,348,751,836,358,261,273,360,326,238,968,609,188,161,439,133,425,NA,NA,464,472,441,754,1404,118,420,356,NA,556,649,NA,NA,NA,414,1051,1656,445,358,134,339,295,816,491,802,837,424,635,428,453,534,731,820,320,204,236,1113,848,397,789,433,359,166,505,118,NA,347,NA,1562,230,370,784,252,301,639,497,915,1032,484,608,198,223,503,935,315,413,597,285,220,NA,983,459,491,NA,393,359,653,439,560,1340,381,1314,529,485,259,808,441,238,471,347,271,669,379,457,681,440,102,386,304,1771,203,336,132,184,232,286,807,200,486,1028,751,576,74,74,232,176,1835,430,400,458,444,252,832,199,250,212,386,314,734,218,261,1068,116,170,265,91,351,110,206,529,553,445,1960,155,871,848,107,324,796,326,243,589,850,397,67,1616,60,343,212,125,2162,524,1418,1026,510,1123,370,406,1723,722,254,566,309,101,127,217,91,956,924,509,1064,252,637,237,244,198,801,326
"20",325,455,NA,927,1037,882,254,NA,354,1097,NA,1293,1172,329,434,284,229,1695,1241,1240,245,629,46,526,544,190,485,468,504,420,NA,553,NA,NA,NA,304,872,386,612,1979,497,372,1478,322,NA,367,489,1182,NA,359,NA,636,305,374,659,640,528,NA,173,544,258,NA,NA,NA,NA,425,413,NA,NA,177,451,NA,491,834,231,366,476,1172,437,384,397,382,736,1848,788,323,195,404,700,501,NA,500,1674,1618,704,557,184,481,399,123,237,NA,737,121,300,288,360,706,872,349,272,255,337,NA,207,891,678,197,NA,492,112,415,NA,NA,480,452,361,704,1140,105,420,360,NA,592,NA,NA,NA,NA,428,1110,NA,434,369,147,319,295,898,473,812,863,459,612,NA,509,577,776,799,284,205,243,1426,836,428,912,509,340,NA,563,110,NA,335,NA,1537,342,397,793,234,301,553,555,1005,1026,521,654,172,228,504,976,308,403,598,268,171,NA,NA,498,498,NA,369,313,730,418,489,1827,NA,NA,552,439,250,NA,442,191,428,262,NA,771,399,453,795,477,114,320,308,1537,249,278,NA,162,241,321,873,170,490,1088,NA,570,75,61,225,167,1995,445,399,469,539,228,991,193,218,223,441,325,561,219,314,1164,121,182,299,82,301,125,180,518,584,466,2060,132,804,754,111,333,769,323,267,576,856,394,63,1610,59,349,230,132,2046,544,1127,1090,516,1262,367,443,1800,726,291,562,309,91,128,192,74,983,915,534,1084,268,917,259,270,201,801,388
"21",369,518,NA,961,1109,951,NA,NA,381,1185,NA,1288,1175,357,384,216,281,2165,1265,1344,249,642,55,617,524,214,533,512,581,586,NA,579,NA,NA,NA,313,1036,463,705,2057,479,382,1657,349,NA,NA,522,1270,NA,396,NA,690,317,314,736,751,601,NA,179,574,306,NA,NA,NA,NA,390,448,NA,NA,217,511,NA,399,727,274,377,579,1236,483,470,378,396,800,1952,941,305,208,427,800,557,NA,543,1703,1894,876,654,188,479,440,134,259,NA,773,129,336,355,383,880,852,387,285,304,409,NA,267,1044,702,202,NA,518,140,472,NA,NA,541,452,505,881,1601,133,409,399,NA,640,NA,NA,NA,NA,399,1025,NA,408,386,141,355,279,888,560,855,1000,497,649,NA,505,590,793,842,332,158,226,1535,NA,497,855,505,373,NA,576,98,NA,352,NA,NA,NA,466,897,279,331,734,608,789,1079,552,648,219,238,505,1045,317,425,651,290,212,NA,NA,466,566,NA,429,379,775,460,689,1798,NA,NA,NA,486,NA,NA,524,238,556,339,NA,836,412,498,868,471,103,423,280,2121,234,308,NA,208,278,311,892,202,531,996,NA,637,72,84,NA,217,1909,489,465,546,558,291,992,199,251,250,491,354,774,269,292,1084,115,158,263,88,372,113,193,668,639,495,1959,183,860,955,119,382,903,307,263,599,975,446,74,1829,62,382,195,131,2406,558,1562,1011,599,1293,433,456,1773,811,296,644,320,101,137,236,90,1033,938,570,1541,226,788,286,265,208,866,389
"22",365,550,NA,1028,1231,1032,NA,NA,375,1257,NA,1230,1282,372,471,259,242,2474,1322,1426,236,671,52,653,625,201,539,493,611,638,NA,633,NA,NA,NA,304,1063,436,797,NA,534,388,1693,379,NA,NA,513,1297,NA,382,NA,655,326,352,791,763,657,NA,166,641,331,NA,NA,NA,NA,502,470,NA,NA,253,NA,NA,464,NA,285,418,558,1280,487,472,368,397,853,NA,NA,377,218,423,809,647,NA,546,1843,2053,915,668,220,550,410,124,271,NA,NA,114,322,418,377,935,NA,361,279,256,396,NA,277,1171,776,185,NA,550,117,444,NA,NA,593,457,544,972,1692,100,446,424,NA,668,NA,NA,NA,NA,430,1050,NA,459,414,139,376,300,1008,573,872,1048,511,631,NA,668,674,849,1002,332,212,275,1672,NA,585,1044,597,380,NA,677,122,NA,401,NA,NA,NA,502,947,231,356,743,633,1066,1117,611,661,198,223,570,1120,358,446,716,305,215,NA,NA,476,513,NA,417,321,829,491,761,NA,NA,NA,NA,509,NA,NA,521,247,624,373,NA,984,379,516,983,506,99,426,298,2307,272,242,NA,180,322,332,956,196,537,1015,NA,732,71,83,NA,189,2134,514,459,546,604,282,989,214,222,255,NA,379,778,279,347,1258,121,218,294,95,402,123,205,533,694,486,2197,221,1119,1058,107,359,956,347,293,651,1073,441,63,1873,59,383,217,141,2635,552,1667,1116,661,1456,388,493,1953,898,300,656,295,122,132,222,80,1076,1088,596,1586,294,671,292,286,211,847,403
"23",357,567,NA,1121,1353,1023,NA,NA,352,1304,NA,NA,1206,372,509,282,223,NA,1431,1466,233,689,46,715,679,221,588,461,577,589,NA,NA,NA,NA,NA,329,1096,450,689,NA,563,408,1678,362,NA,NA,NA,1439,NA,391,NA,682,346,375,796,750,655,NA,164,600,353,NA,NA,NA,NA,499,505,NA,NA,208,NA,NA,493,NA,309,409,509,1320,472,471,386,NA,1265,NA,NA,397,NA,NA,1081,550,NA,577,1930,2054,750,649,NA,599,407,132,281,NA,NA,109,322,413,390,860,NA,359,301,266,392,NA,270,1106,807,189,NA,587,102,454,NA,NA,587,422,466,931,NA,112,437,386,NA,704,NA,NA,NA,NA,543,1208,NA,415,415,152,354,305,1146,584,971,1124,549,637,NA,716,717,NA,1042,316,188,237,1665,NA,633,1162,591,353,NA,759,NA,NA,412,NA,NA,NA,529,947,224,390,593,670,1085,1177,625,681,184,258,567,1204,347,403,738,290,173,NA,NA,NA,519,NA,418,314,866,449,NA,NA,NA,NA,NA,501,NA,NA,543,186,641,NA,NA,1035,470,442,1052,582,104,369,295,1953,280,226,NA,165,NA,356,1015,160,525,1042,NA,NA,71,77,NA,NA,2187,523,431,506,686,NA,1337,184,198,254,NA,367,658,301,406,NA,112,NA,335,NA,447,149,181,581,726,498,2432,NA,1196,1005,104,388,983,366,341,624,1046,441,66,1684,52,414,240,160,2949,522,1474,1184,662,1538,441,579,1984,982,328,637,308,98,120,212,82,1066,1090,611,1692,295,970,330,275,210,835,335
"24",358,616,NA,1190,1406,1108,NA,NA,370,1427,NA,NA,1268,389,505,255,240,NA,1632,1568,233,697,49,755,761,203,627,488,NA,680,NA,NA,NA,NA,NA,NA,1157,481,948,NA,587,416,1834,418,NA,NA,NA,1499,NA,411,NA,719,377,349,873,847,788,NA,158,715,371,NA,NA,NA,NA,517,533,NA,NA,304,NA,NA,443,NA,341,466,566,1382,506,508,368,NA,1337,NA,NA,435,NA,NA,1217,724,NA,620,2025,2411,971,741,NA,615,412,118,295,NA,NA,108,344,479,400,1124,NA,379,300,257,446,NA,315,1338,951,186,NA,623,125,474,NA,NA,621,477,687,1177,NA,107,495,458,NA,NA,NA,NA,NA,NA,545,1548,NA,434,439,141,415,301,1192,633,1013,NA,559,NA,NA,765,779,NA,1124,348,212,287,2150,NA,709,1231,676,423,NA,NA,NA,NA,462,NA,NA,NA,570,1039,233,420,814,743,1137,1295,706,708,207,240,628,1233,414,469,851,332,242,NA,NA,NA,543,NA,443,306,922,588,NA,NA,NA,NA,NA,543,NA,NA,583,236,757,NA,NA,NA,471,477,1212,619,98,488,295,2759,419,238,NA,187,NA,367,1051,198,599,NA,NA,NA,64,74,NA,NA,2172,567,480,513,760,NA,NA,238,237,252,NA,434,NA,323,401,NA,122,NA,331,NA,434,131,215,565,785,NA,2591,NA,1208,1148,104,394,1052,390,367,709,1281,493,77,2052,58,415,252,129,2944,733,1806,1238,750,1618,432,603,2100,1053,336,712,299,137,146,193,88,1168,1232,611,1800,293,1042,351,273,217,847,361
"25",359,645,NA,1272,1584,1191,NA,NA,360,1526,NA,NA,1329,384,573,269,234,NA,1695,1703,230,737,52,851,835,207,646,473,NA,702,NA,NA,NA,NA,NA,NA,1229,496,942,NA,649,437,1863,446,NA,NA,NA,1587,NA,437,NA,728,436,372,923,812,879,NA,162,NA,403,NA,NA,NA,NA,552,562,NA,NA,325,NA,NA,499,NA,370,529,546,1490,502,533,374,NA,1380,NA,NA,358,NA,NA,1269,658,NA,658,2132,2593,922,788,NA,657,413,133,303,NA,NA,108,338,531,402,1164,NA,382,333,251,426,NA,319,NA,1025,182,NA,662,103,477,NA,NA,679,475,658,1209,NA,100,514,467,NA,NA,NA,NA,NA,NA,581,1619,NA,466,450,148,394,296,1358,626,1098,NA,621,NA,NA,869,884,NA,1207,333,216,307,2077,NA,797,1342,706,423,NA,NA,NA,NA,NA,NA,NA,NA,644,1164,234,456,710,772,1233,1352,747,732,202,233,674,1321,435,462,922,322,245,NA,NA,NA,535,NA,464,323,1010,569,NA,NA,NA,NA,NA,538,NA,NA,590,218,784,NA,NA,NA,537,461,1325,730,105,477,302,2538,NA,NA,NA,170,NA,411,1131,190,582,NA,NA,NA,63,76,NA,NA,2260,600,NA,533,830,NA,NA,237,234,258,NA,463,NA,348,442,NA,121,NA,344,NA,463,140,195,604,877,NA,2565,NA,NA,1147,104,401,1120,424,404,727,1309,510,65,2151,53,488,311,131,3208,738,1704,1295,820,1782,475,634,2227,1156,357,736,310,133,150,201,76,1255,1322,653,1856,303,1034,388,260,227,898,410
"26",361,664,NA,1362,1764,NA,NA,NA,359,NA,NA,NA,1353,384,591,270,231,NA,1758,NA,233,785,47,908,894,188,691,466,NA,699,NA,NA,NA,NA,NA,NA,1273,521,934,NA,646,461,1908,465,NA,NA,NA,1641,NA,459,NA,753,468,382,966,841,962,NA,152,NA,429,NA,NA,NA,NA,589,596,NA,NA,NA,NA,NA,491,NA,380,593,553,1555,501,557,387,NA,1431,NA,NA,461,NA,NA,1024,631,NA,676,NA,2520,783,734,NA,730,414,129,312,NA,NA,108,343,551,427,1095,NA,379,352,250,448,NA,343,NA,1089,191,NA,706,101,488,NA,NA,701,488,690,1055,NA,105,518,469,NA,NA,NA,NA,NA,NA,586,1593,NA,478,463,149,397,313,1510,682,NA,NA,655,NA,NA,977,957,NA,NA,324,240,342,2078,NA,825,1477,803,445,NA,NA,NA,NA,NA,NA,NA,NA,712,1264,229,505,682,843,NA,1404,816,765,NA,218,718,1387,481,462,1003,354,244,NA,NA,NA,543,NA,502,301,1091,589,NA,NA,NA,NA,NA,551,NA,NA,NA,226,NA,NA,NA,NA,616,NA,NA,815,102,493,293,2402,NA,NA,NA,168,NA,417,1332,191,574,NA,NA,NA,55,72,NA,NA,2286,633,NA,584,875,NA,NA,248,239,258,NA,492,NA,368,473,NA,124,NA,352,NA,469,141,185,NA,NA,NA,2214,NA,NA,1095,104,NA,1179,451,439,742,1400,537,62,NA,53,476,339,143,3506,804,1776,1460,891,1868,471,674,2272,1246,376,757,303,138,173,210,69,1351,1403,681,1975,310,1023,414,234,229,921,479
"27",393,751,NA,1336,1878,NA,NA,NA,374,NA,NA,NA,1165,399,486,214,270,NA,1748,NA,229,784,56,985,854,198,764,499,NA,NA,NA,NA,NA,NA,NA,NA,NA,612,1133,NA,628,482,2010,508,NA,NA,NA,1661,NA,476,NA,818,492,311,1002,960,1054,NA,162,NA,446,NA,NA,NA,NA,532,639,NA,NA,NA,NA,NA,395,NA,444,NA,653,1580,523,648,390,NA,1506,NA,NA,375,NA,NA,1094,825,NA,749,NA,3080,1018,878,NA,645,445,122,306,NA,NA,126,362,617,483,1346,NA,414,376,306,484,NA,333,NA,1141,199,NA,744,139,556,NA,NA,748,465,808,1494,NA,121,508,444,NA,NA,NA,NA,NA,NA,559,1515,NA,491,480,146,380,267,1363,737,NA,NA,705,NA,NA,1017,880,NA,NA,390,188,320,NA,NA,841,1379,791,463,NA,NA,NA,NA,NA,NA,NA,NA,843,1376,278,537,910,902,NA,1399,858,697,NA,234,702,1426,452,423,972,316,286,NA,NA,NA,595,NA,452,394,1147,722,NA,NA,NA,NA,NA,573,NA,NA,NA,203,NA,NA,NA,NA,535,NA,NA,852,101,555,271,3288,NA,NA,NA,219,NA,428,1329,187,595,NA,NA,NA,70,78,NA,NA,2087,676,NA,634,967,NA,NA,218,213,NA,NA,471,NA,424,427,NA,NA,NA,340,NA,519,164,221,NA,NA,NA,2515,NA,NA,1434,111,NA,NA,440,430,739,1585,NA,78,NA,56,466,281,131,3312,952,2224,1172,902,1801,520,796,2340,1342,391,802,307,133,150,220,91,1473,1406,692,2039,286,1026,366,225,237,954,504
"28",388,806,NA,1435,2018,NA,NA,NA,367,NA,NA,NA,1238,397,644,214,262,NA,1876,NA,240,839,49,961,940,182,821,485,NA,NA,NA,NA,NA,NA,NA,NA,NA,642,NA,NA,662,505,2157,557,NA,NA,NA,1777,NA,516,NA,NA,554,325,1054,1004,1169,NA,143,NA,465,NA,NA,NA,NA,586,NA,NA,NA,NA,NA,NA,395,NA,474,NA,652,1645,521,677,374,NA,1562,NA,NA,378,NA,NA,1314,877,NA,778,NA,3291,1077,831,NA,650,449,115,310,NA,NA,122,377,685,503,1415,NA,426,389,283,503,NA,336,NA,1221,195,NA,793,142,574,NA,NA,831,467,875,1674,NA,127,517,487,NA,NA,NA,NA,NA,NA,600,1559,NA,496,503,148,394,270,1569,790,NA,NA,767,NA,NA,1427,1002,NA,NA,376,214,365,NA,NA,920,1624,901,501,NA,NA,NA,NA,NA,NA,NA,NA,898,1515,270,583,1058,919,NA,1477,892,723,NA,225,821,1498,547,447,1075,342,NA,NA,NA,NA,608,NA,465,390,1234,NA,NA,NA,NA,NA,NA,588,NA,NA,NA,204,NA,NA,NA,NA,628,NA,NA,951,105,582,248,3422,NA,NA,NA,214,NA,444,1420,211,533,NA,NA,NA,68,86,NA,NA,2154,NA,NA,519,998,NA,NA,241,230,NA,NA,527,NA,461,478,NA,NA,NA,350,NA,524,153,212,NA,NA,NA,NA,NA,NA,1316,107,NA,NA,432,444,750,1707,NA,97,NA,63,451,341,126,3657,NA,2351,1384,959,1958,512,831,2413,1445,380,821,302,158,197,219,90,1582,1516,750,2215,277,1062,345,229,238,969,496
"29",383,839,NA,NA,2251,NA,NA,NA,332,NA,NA,NA,1327,403,699,270,230,NA,1810,NA,265,917,45,1164,1092,151,829,387,NA,NA,NA,NA,NA,NA,NA,NA,NA,628,NA,NA,NA,506,1958,508,NA,NA,NA,1850,NA,540,NA,NA,596,378,950,818,1017,NA,137,NA,392,NA,NA,NA,NA,593,NA,NA,NA,NA,NA,NA,468,NA,438,NA,586,1746,521,650,411,NA,1668,NA,NA,441,NA,NA,1079,NA,NA,706,NA,NA,NA,792,NA,752,419,118,270,NA,NA,111,359,636,481,NA,NA,395,423,242,456,NA,304,NA,1323,192,NA,847,115,552,NA,NA,790,477,NA,NA,NA,103,521,441,NA,NA,NA,NA,NA,NA,478,2146,NA,478,415,162,371,282,1736,774,NA,NA,NA,NA,NA,1646,1162,NA,NA,319,223,354,NA,NA,971,1818,992,447,NA,NA,NA,NA,NA,NA,NA,NA,843,1483,242,580,NA,1014,NA,1502,994,802,NA,184,879,1474,603,476,874,335,NA,NA,NA,NA,585,NA,534,311,1277,NA,NA,NA,NA,NA,NA,676,NA,NA,NA,202,NA,NA,NA,NA,762,NA,NA,1036,100,507,285,NA,NA,NA,NA,169,NA,387,1152,161,NA,NA,NA,NA,56,NA,NA,NA,2305,NA,NA,NA,919,NA,NA,266,243,NA,NA,510,NA,467,544,NA,NA,NA,392,NA,461,159,NA,NA,NA,NA,NA,NA,NA,1079,109,NA,NA,516,489,736,NA,NA,NA,NA,48,433,312,163,4354,NA,1935,1794,1078,2297,509,921,2357,1439,394,715,294,131,179,224,73,1548,1484,714,2260,311,1081,356,254,214,937,652
"30",398,934,NA,NA,2399,NA,NA,NA,359,NA,NA,NA,1492,404,719,214,261,NA,1557,NA,239,986,54,1201,1112,173,906,472,NA,NA,NA,NA,NA,NA,NA,NA,NA,730,NA,NA,NA,546,2149,598,NA,NA,NA,1974,NA,NA,NA,NA,674,321,NA,NA,1368,NA,144,NA,NA,NA,NA,NA,NA,610,NA,NA,NA,NA,NA,NA,402,NA,546,NA,677,1882,541,773,380,NA,1682,NA,NA,446,NA,NA,1490,NA,NA,846,NA,NA,NA,856,NA,676,453,116,337,NA,NA,126,373,822,551,NA,NA,424,448,301,526,NA,408,NA,1376,197,NA,872,136,598,NA,NA,924,494,NA,NA,NA,123,535,531,NA,NA,NA,NA,NA,NA,NA,2441,NA,505,538,145,414,254,NA,1057,NA,NA,NA,NA,NA,1471,1191,NA,NA,372,209,372,NA,NA,1093,1845,1023,589,NA,NA,NA,NA,NA,NA,NA,NA,NA,1712,265,677,NA,1097,NA,1697,1138,761,NA,240,970,1652,630,480,1222,364,NA,NA,NA,NA,622,NA,533,383,1314,NA,NA,NA,NA,NA,NA,587,NA,NA,NA,223,NA,NA,NA,NA,684,NA,NA,1037,98,NA,252,NA,NA,NA,NA,215,NA,451,1451,NA,NA,NA,NA,NA,58,NA,NA,NA,2801,NA,NA,NA,1032,NA,NA,283,256,NA,NA,572,NA,533,570,NA,NA,NA,387,NA,555,162,NA,NA,NA,NA,NA,NA,NA,NA,113,NA,NA,470,533,817,NA,NA,NA,NA,60,453,378,130,3868,NA,2648,1584,1173,2238,549,946,2647,1729,NA,895,299,159,NA,231,94,1711,1683,806,2489,266,1084,379,222,245,1040,793
"31",406,997,NA,NA,2580,NA,NA,NA,352,NA,NA,NA,1665,432,769,233,NA,NA,2061,NA,219,1031,52,1438,1177,219,994,475,NA,NA,NA,NA,NA,NA,NA,NA,NA,752,NA,NA,NA,556,2319,615,NA,NA,NA,2063,NA,NA,NA,NA,715,341,NA,NA,1455,NA,157,NA,NA,NA,NA,NA,NA,729,NA,NA,NA,NA,NA,NA,425,NA,576,NA,672,1975,558,809,365,NA,1752,NA,NA,411,NA,NA,1587,NA,NA,893,NA,NA,NA,928,NA,790,442,107,344,NA,NA,117,370,915,551,NA,NA,400,465,287,513,NA,444,NA,1440,191,NA,957,119,597,NA,NA,928,495,NA,NA,NA,119,549,532,NA,NA,NA,NA,NA,NA,NA,2144,NA,468,550,137,418,276,NA,1102,NA,NA,NA,NA,NA,1592,1568,NA,NA,377,211,405,NA,NA,1183,2007,1103,634,NA,NA,NA,NA,NA,NA,NA,NA,NA,1854,247,705,NA,1154,NA,1797,1223,813,NA,246,1050,1728,643,462,1343,340,NA,NA,NA,NA,529,NA,538,344,1388,NA,NA,NA,NA,NA,NA,582,NA,NA,NA,225,NA,NA,NA,NA,781,NA,NA,1147,98,NA,271,NA,NA,NA,NA,202,NA,451,1466,NA,NA,NA,NA,NA,55,NA,NA,NA,3048,NA,NA,NA,883,NA,NA,280,237,NA,NA,582,NA,564,630,NA,NA,NA,430,NA,562,185,NA,NA,NA,NA,NA,NA,NA,NA,105,NA,NA,488,588,860,NA,NA,NA,NA,54,492,364,131,4391,NA,2803,1831,1229,2427,614,1063,3898,1819,NA,953,292,190,NA,212,83,1776,1806,829,2741,300,1138,383,243,234,1022,804
"32",404,NA,NA,NA,2879,NA,NA,NA,355,NA,NA,NA,1855,452,800,262,NA,NA,2219,NA,250,1078,50,1587,1307,NA,1049,461,NA,NA,NA,NA,NA,NA,NA,NA,NA,769,NA,NA,NA,570,2447,569,NA,NA,NA,2183,NA,NA,NA,NA,759,366,NA,NA,1588,NA,154,NA,NA,NA,NA,NA,NA,783,NA,NA,NA,NA,NA,NA,478,NA,641,NA,622,2019,548,811,383,NA,1927,NA,NA,568,NA,NA,1667,NA,NA,940,NA,NA,NA,1010,NA,895,415,NA,357,NA,NA,110,352,979,522,NA,NA,390,475,248,484,NA,470,NA,1468,190,NA,1061,112,583,NA,NA,966,463,NA,NA,NA,103,556,558,NA,NA,NA,NA,NA,NA,NA,2261,NA,459,647,150,399,289,NA,NA,NA,NA,NA,NA,NA,1841,1459,NA,NA,331,222,416,NA,NA,1322,2221,1223,706,NA,NA,NA,NA,NA,NA,NA,NA,NA,1964,224,747,NA,1181,NA,1982,1343,851,NA,270,NA,1807,689,469,1482,346,NA,NA,NA,NA,590,NA,554,326,1617,NA,NA,NA,NA,NA,NA,696,NA,NA,NA,230,NA,NA,NA,NA,912,NA,NA,1292,92,NA,293,NA,NA,NA,NA,177,NA,459,1596,NA,NA,NA,NA,NA,58,NA,NA,NA,3303,NA,NA,NA,NA,NA,NA,274,236,NA,NA,597,NA,554,696,NA,NA,NA,494,NA,570,196,NA,NA,NA,NA,NA,NA,NA,NA,100,NA,NA,616,597,870,NA,NA,NA,NA,52,NA,375,133,5142,NA,2786,2142,1302,2829,643,1157,4059,1930,NA,1044,309,192,NA,222,75,1942,1894,882,2882,309,1211,385,215,233,1020,850
"33",400,NA,NA,NA,3042,NA,NA,NA,362,NA,NA,NA,2178,436,813,226,NA,NA,2188,NA,292,1114,51,1698,1355,NA,1105,NA,NA,NA,NA,NA,NA,NA,NA,NA,NA,844,NA,NA,NA,591,2606,630,NA,NA,NA,2266,NA,NA,NA,NA,833,327,NA,NA,1728,NA,146,NA,NA,NA,NA,NA,NA,752,NA,NA,NA,NA,NA,NA,428,NA,NA,NA,698,2127,562,873,370,NA,2056,NA,NA,573,NA,NA,1750,NA,NA,1016,NA,NA,NA,1065,NA,848,434,NA,390,NA,NA,118,334,1056,578,NA,NA,402,524,287,536,NA,485,NA,1544,190,NA,1116,123,627,NA,NA,1028,494,NA,NA,NA,111,576,564,NA,NA,NA,NA,NA,NA,NA,2415,NA,437,779,148,427,280,NA,NA,NA,NA,NA,NA,NA,1993,1807,NA,NA,374,214,437,NA,NA,1411,2214,1299,774,NA,NA,NA,NA,NA,NA,NA,NA,NA,2192,259,773,NA,1263,NA,2141,1485,850,NA,241,NA,1886,748,463,1622,368,NA,NA,NA,NA,585,NA,565,331,1708,NA,NA,NA,NA,NA,NA,676,NA,NA,NA,244,NA,NA,NA,NA,935,NA,NA,1336,100,NA,274,NA,NA,NA,NA,203,NA,458,1397,NA,NA,NA,NA,NA,55,NA,NA,NA,3397,NA,NA,NA,NA,NA,NA,301,246,NA,NA,625,NA,617,NA,NA,NA,NA,523,NA,591,197,NA,NA,NA,NA,NA,NA,NA,NA,107,NA,NA,606,631,892,NA,NA,NA,NA,NA,NA,406,125,5779,NA,3112,2025,1323,2845,670,1228,4230,2039,NA,1119,NA,235,NA,215,83,2090,2045,917,2975,307,1088,441,198,238,1068,951
"34",390,NA,NA,NA,3423,NA,NA,NA,312,NA,NA,NA,2169,454,NA,268,NA,NA,2449,NA,337,1207,51,1850,1472,NA,1184,NA,NA,NA,NA,NA,NA,NA,NA,NA,NA,NA,NA,NA,NA,613,2707,584,NA,NA,NA,2197,NA,NA,NA,NA,942,370,NA,NA,1864,NA,NA,NA,NA,NA,NA,NA,NA,NA,NA,NA,NA,NA,NA,NA,492,NA,NA,NA,NA,2264,534,866,393,NA,2223,NA,NA,660,NA,NA,1809,NA,NA,1045,NA,NA,NA,1141,NA,916,423,NA,356,NA,NA,109,NA,NA,542,NA,NA,385,515,254,513,NA,484,NA,1631,193,NA,1210,101,611,NA,NA,1107,466,NA,NA,NA,103,553,517,NA,NA,NA,NA,NA,NA,NA,2396,NA,472,674,143,410,295,NA,NA,NA,NA,NA,NA,NA,2233,1908,NA,NA,332,230,430,NA,NA,1531,2454,1450,793,NA,NA,NA,NA,NA,NA,NA,NA,NA,2363,231,811,NA,1274,NA,2077,1606,875,NA,234,NA,1980,810,470,1694,369,NA,NA,NA,NA,609,NA,605,306,1956,NA,NA,NA,NA,NA,NA,756,NA,NA,NA,222,NA,NA,NA,NA,1069,NA,NA,1499,NA,NA,274,NA,NA,NA,NA,173,NA,459,1440,NA,NA,NA,NA,NA,57,NA,NA,NA,4037,NA,NA,NA,NA,NA,NA,301,229,NA,NA,661,NA,716,NA,NA,NA,NA,535,NA,562,200,NA,NA,NA,NA,NA,NA,NA,NA,103,NA,NA,684,639,911,NA,NA,NA,NA,NA,NA,402,146,6782,NA,2966,NA,1455,3329,705,1333,4536,2224,NA,1167,NA,202,NA,220,72,2197,2179,956,3177,333,1224,452,NA,214,1046,961
