"","MEDVMBGEQY","CZALTXLJTQ","SGZDSZGUWT","CWXVASELHB","ZFPYKKWRET","XIXVHULNBW","CKQYYCQZWK","KZGCMPLRQM","AEDZVSQLWK","OQAYXIWNRB","XWIJCPCDXR","ASTJXNSOXP","RPSZKJHQVQ","JXVGPKXSBT","KEWHOCVXMQ","TPRNRSGXIZ","AXKNSJTENO","UCACKHPLWN","LWAKEQQJXS","FCRXOKVLTM","SLAKOCNUKP","IGETFXVBHA","VEZKPWDLAB","NRHUVGQXQI","BVPBYBIVHV","VQDDMSOCOQ","TLJGOFQGKO","QWSWXSQAHW","HMKJTICOBP","CIASJYRXHN","PIDLUKJWKT","EHYPTLLFYB","EMJWGITCRO","EDBSYORYHT","XMHGDQMNIK","LJXWHVRLXX","XBGTWPLBPH","BVYGLNAUBY","UELMXKDKGF","LSIUQQKCQR","WVNROQCGNT","GGHXESPLYO","KOIZCEVPHU","ZXAOIWMXMW","OZUPKQFBRE","XBPMNIGMIA","SCLFLXWLGY","LXVQZWSQOZ","HEFAHLKIKG","LPZVYRGACU","LARCYSNNZC","LQSONTRIHI","PFCJHVDZTK","DUGBBZVBBU","SWGRVDVZDD","XEKWLSYUAS","BZRLOFLWLO","BOILMSDSKP","BLIYODKOFR","FIEIABCJUA","CUIMLIXUDB","YSMUDNALXU","LLEXYLOCSC","HAUOPBNPFI","FYMFIFXCWJ","SKVOVAWTCZ","UNSOQTPRMV","RJACADMGVT","RFCCNKFBMG","GDKOXORUBW","ULRZFQNBON","ELMIJGLWHC","GYNQMAYQVN","ZFRCWUETKG","NMLZEDJMXX","PGDKOBQTSN","YYVODFDEBL","SPAQPHMUSQ","LUJSCAWKHR","VQGZGROLHZ","ZIHSZUKZFL","MYQIVPTSCH","CCUMXQXSYX","VQYMLYBQTK","AFTXUIJUFM","NXQPSDOZUG","ZZRQLNHMUI","RESZBQBSXS","VRJISRRGJC","JRPWFPHWGT","CXVWQBHJMA","MDOLTAFEBL","XOKGQGTPAZ","LXPOENSKJQ","FVVWJNELPE","ZTTCATFWUQ","GRBWSOIMCT","ZOSUQXMDQN","KPWUACFPDM","ARXIEURZWT","JWFCSHRDMS","QIXMLUXICW","EWEQDQOJRZ","RYXGGDUBQZ","YWKQIDWDHV","OGOOPFZYRB","IKHZTEDWDP","JKTZYMXJEK","DBKGDNXQZG","SZJPEZQYLS","DQPUWDLILB","IOKBUTYLFG","FTACSEYSBL","XEJGEJBYJH","CDIINRVUIH","IOXFMCAOTS","JMMYDNMEIG","AGFBLFPSBG","WMGUYEJUOX","MHIQOSWHHF","TJGOSYIORF","APQXOUOBNO","FFJSLNKABO","RAJVNMFHOI","UFYZHILOGP","VZCLGOKLRX","SVBCCXVYZB","UNGEEFVCKY","BKKBMLCOXO","TUGBGLJWKR","PULKTZYPTI","TBUKRCFERZ","XSFGDNDAMC","VESKCVQPCW","IMYFAITFHV","ZKARIFQIDN","XELTCLWVSR","DLHNYBNJKT","CBVZHOMNIT","ZZEKEHTPKR","PKSONMVWVT","FBASGQKYVD","HXMBFBKPEO","OHSSGNPIHB","ZTCRJZFJFQ","FJAZWZKEEX","VABRCCXDEI","PVOUVVAZVX","DGBMYCRZHR","OWRYOKQHDW","PWCUWQXJNQ","DSJAHVVTDW","WBDQGCWAEW","SCRJBHZOVL","DQLTWIFFIJ","LZHNWGONMU","VEOGOMXPSX","BAZWDSHOTY","XOOFXAIDCI","QTPHDWKTBI","QHXTWPYJMK","VAEQMGKZTO","ZFJWGRKCAW","HFMVPGSEEK","GQKRGKBHEH","VIQQYVEHGW","DYWKLBOZZG","XLNQSAZSMB","JNZVQKJRDB","ECQKOBEHFL","YNEUVCQPRI","QIZFAWWYJO","HLJJABJKBV","BLARCLOVEI","JVLYBOGAUX","CZSOFBMHKY","WKWPQYMLBE","RTFBZQIJLU","HGIFXSORQH","ELEECTVNOW","MTBRHCYPEA","TNRLDDZXSP","WYIJIUTAQX","JNHVKWXOKV","MZEZSWDTBU","MEVJREOOZS","UWIMFOOOAR","PWCQBJDWAB","FFUMZGTLMI","VIODNTWWYQ","JBJTJSLSGQ","BMLPYZFYJK","CMRQLXODSI","VCHPQZGYZZ","WQRQMWIKZI","PPORXCDYBP","HNBLORYMGO","NIOSKPQHDY","VLSQDJRYOF","KDVORMRJOU","KJWJJMUUGD","YWTLAJKSDU","XBXWFBGGIA","NSOUXCXTJH","MUVFBJARPF","IBRDROBFAR","TSYCILIESX","ROFUSBKAMT","DFEUAQSYBJ","AETTQROIPD","NNXGWUCLXK","HIHZLRZURW","WHTHFIFWWC","SQAORYENFQ","IOKYDQLGQU","JRFGOGPMRG","GMSKOOEQJR","DETRSXAVCK","YILGWKPDVG","FBCUTZPBCH","FLFAOMZYIL","FTYWKQSPVC","WLYQKGZPZE","QOSUGENHCW","WHCWBWBSJC","DVHQKPFRSX","DYMFQZJHIS","GHKRXMUHZC","XSUUZSZAOG","LUHEKKRVJQ","XFDGGFUSQM","TWQHOHCPAF","KADDGJFLDM","JXENHPSVXX","TKURPQEVUM","DLIEHGZMGK","ICPSESYZWW","CHRIMAQMTG","ULSBASHUKE","KEGBYCZHKH","OMUDIWYQMA","ZOXKXCAPNY","HDGPBBQYIW","YSIXHLAEAB","QIBUDBHSCA","CGJMADYRMY","UEUVLBYQXV","MLEXSEBBSM","OMHJLCBILH","XSTQEVONDH","NBZTZVCRCQ","JFAZYBTSGN","TIHIOXYJKY","ISYIZSJVQP","NVQDTFHWDW","VTXWWJLYXT","OOXHIBIMKM","QDJJLKBIDH","OMZSMKPZYG","KTMUNITJOG","CTGZZQIEWM","HEVHJJAKLX","ENDNYSCUMM","WXHVRSTGIH","BFJDNNJIHQ","ZYXCCYTCXO","YVOUAIYFVC","VTYXYQAONC","SZCWHYJVPZ","EJMMGIQFCI","AUAEMJHIXX","CWJJFVIGJU","XMIMIBUJQE","BHRVYFTOHO","NDILDHRQVO","SNHEWJUULX","INWBKNXVDZ","QBQAPFDMYB","XNSHTHPCYP","MSTJEEPAOS","AFZXAXTCZL","INZLELJRYO","YSOZRZMFHH","LOYQGQYMDQ","ULVKVDOJMU","CYAEFMTDHF","OBMJOMCWDR","ONFYPVAZIA","ZOHXYZKNMW","VAKVRWTJRF","QFJFLPEFZY","JHCSRIIJHQ","TGOAKXWRQJ","IMKGAWLQPZ","OSBXYDGVLQ","DUIJUYHUEN"
"1",322,171,129,96,127,389,304,131,190,127,95,418,179,164,394,199,174,263,207,111,270,516,158,296,239,262,196,160,220,150,151,138,85,335,190,85,93,327,394,207,223,274,351,103,137,1293,140,96,247,342,144,151,125,225,109,317,290,335,522,244,161,108,99,164,74,41,195,172,94,148,162,105,137,110,282,451,139,157,217,386,178,171,169,115,109,257,388,305,145,108,76,115,311,94,197,245,590,389,232,300,161,149,222,140,95,300,117,214,174,184,169,309,231,151,166,131,131,131,191,253,177,256,130,140,162,132,81,155,83,177,159,183,223,207,239,162,68,165,139,272,109,210,515,192,127,118,145,158,NA,NA,NA,NA,NA,NA,NA,NA,NA,NA,NA,NA,NA,NA,NA,NA,NA,NA,NA,NA,NA,NA,NA,NA,NA,NA,NA,NA,NA,NA,NA,NA,NA,NA,NA,NA,NA,NA,NA,NA,NA,NA,NA,NA,NA,NA,NA,NA,NA,NA,NA,NA,NA,NA,NA,NA,NA,NA,NA,NA,NA,NA,NA,NA,NA,NA,NA,NA,NA,NA,NA,NA,NA,NA,NA,NA,NA,NA,NA,NA,NA,NA,NA,NA,NA,NA,NA,NA,NA,NA,NA,NA,NA,NA,NA,NA,NA,NA,NA,NA,NA,NA,NA,NA,NA,NA,NA,NA,NA,NA,NA,NA,NA,NA,NA,NA,NA,NA,NA,NA,NA,NA,NA,NA,NA,NA,NA,NA,NA,NA,NA,NA,NA,NA,NA,NA,NA,NA,NA,NA,NA,NA,NA,NA,NA,NA,NA,NA
"2",289,203,163,96,151,493,252,144,258,186,126,373,181,195,431,222,159,284,181,98,289,519,162,295,249,271,203,166,271,180,154,188,105,331,158,90,113,375,465,193,285,362,436,130,179,1240,159,114,270,354,152,153,114,240,119,334,350,369,555,284,237,109,113,239,81,55,210,156,91,145,179,114,152,99,292,503,170,188,198,441,155,157,185,124,125,292,436,349,191,114,96,120,335,105,172,263,706,360,258,370,194,182,217,123,106,328,114,252,160,162,192,271,262,164,167,130,139,119,193,234,191,332,113,187,188,145,85,165,72,190,168,196,205,204,277,215,71,221,146,250,107,238,506,213,141,112,189,179,204,141,162,157,122,195,120,331,181,141,189,344,160,94,103,153,176,401,93,70,191,140,133,221,83,158,429,153,202,159,86,181,188,205,115,119,NA,NA,NA,NA,NA,NA,NA,NA,NA,NA,NA,NA,NA,NA,NA,NA,NA,NA,NA,NA,NA,NA,NA,NA,NA,NA,NA,NA,NA,NA,NA,NA,NA,NA,NA,NA,NA,NA,NA,NA,NA,NA,NA,NA,NA,NA,NA,NA,NA,NA,NA,NA,NA,NA,NA,NA,NA,NA,NA,NA,NA,NA,NA,NA,NA,NA,NA,NA,NA,NA,NA,NA,NA,NA,NA,NA,NA,NA,NA,NA,NA,NA,NA,NA,NA,NA,NA,NA,NA,NA,NA,NA,NA,NA,NA,NA,NA,NA,NA,NA,NA,NA,NA,NA,NA,NA,NA,NA,NA,NA,NA,NA
"3",417,257,158,132,181,546,309,202,274,183,155,403,234,244,517,281,182,224,184,131,366,603,163,316,316,304,242,192,248,181,161,212,122,317,184,91,117,319,474,243,272,407,446,134,186,1239,162,125,310,396,158,162,138,274,143,306,363,382,519,287,267,133,122,231,85,55,243,186,94,144,191,132,160,134,393,412,180,155,283,496,171,169,191,151,135,313,547,312,216,133,112,135,294,127,171,250,690,430,254,414,182,205,244,119,134,357,123,289,207,185,194,315,295,194,198,146,167,154,222,234,169,397,128,220,215,156,90,167,91,202,201,213,200,244,288,239,103,274,172,276,111,235,496,270,135,111,209,226,242,181,208,200,154,251,148,304,231,151,215,365,162,130,137,224,206,410,115,94,234,176,158,262,98,139,400,182,188,162,91,196,201,223,158,139,185,217,132,211,571,568,320,204,231,130,200,175,108,249,100,163,NA,NA,NA,NA,NA,NA,NA,NA,NA,NA,NA,NA,NA,NA,NA,NA,NA,NA,NA,NA,NA,NA,NA,NA,NA,NA,NA,NA,NA,NA,NA,NA,NA,NA,NA,NA,NA,NA,NA,NA,NA,NA,NA,NA,NA,NA,NA,NA,NA,NA,NA,NA,NA,NA,NA,NA,NA,NA,NA,NA,NA,NA,NA,NA,NA,NA,NA,NA,NA,NA,NA,NA,NA,NA,NA,NA,NA,NA,NA,NA,NA,NA,NA,NA,NA,NA,NA,NA,NA,NA,NA,NA,NA,NA,NA,NA
"4",324,303,219,147,169,587,306,212,313,200,173,369,254,275,559,300,214,248,217,121,377,768,195,352,328,318,255,194,342,176,178,241,127,332,194,97,116,391,565,225,298,490,519,130,222,1273,163,131,302,424,167,165,137,259,166,333,381,385,539,305,294,130,167,263,92,62,255,183,98,162,200,135,156,138,400,465,211,183,292,504,189,199,199,162,158,334,605,406,304,160,118,153,326,130,197,262,750,547,339,494,221,243,247,113,138,398,107,294,183,261,197,342,321,213,205,133,173,154,216,236,178,443,171,245,223,138,95,175,86,215,195,234,191,236,318,244,99,279,172,261,132,266,515,321,140,106,230,224,301,184,209,191,148,250,152,390,235,206,233,396,156,123,135,245,261,463,137,85,247,189,188,280,93,134,506,174,258,190,92,231,230,236,189,149,164,215,152,268,587,578,309,230,249,130,268,170,142,341,104,157,128,238,128,64,190,373,213,138,219,209,91,113,181,124,297,154,183,171,40,NA,NA,NA,NA,NA,NA,NA,NA,NA,NA,NA,NA,NA,NA,NA,NA,NA,NA,NA,NA,NA,NA,NA,NA,NA,NA,NA,NA,NA,NA,NA,NA,NA,NA,NA,NA,NA,NA,NA,NA,NA,NA,NA,NA,NA,NA,NA,NA,NA,NA,NA,NA,NA,NA,NA,NA,NA,NA,NA,NA,NA,NA,NA,NA,NA,NA,NA,NA,NA,NA,NA,NA,NA,NA,NA,NA,NA
"5",400,324,232,165,215,694,342,256,320,216,193,379,294,318,634,335,220,214,236,142,437,771,191,389,358,358,278,204,303,184,199,286,151,308,201,101,124,382,560,255,322,432,572,126,225,1388,167,160,319,466,218,187,167,279,191,314,394,450,596,328,255,146,211,267,102,67,287,208,117,175,221,148,174,139,448,409,237,181,334,583,211,216,242,202,133,387,665,449,308,168,124,172,356,160,214,305,852,566,335,494,175,274,290,119,154,407,117,314,211,319,221,443,345,217,234,153,223,167,261,250,204,479,177,264,313,152,97,197,104,237,228,271,212,259,345,279,117,324,197,313,165,279,476,354,189,107,230,254,319,219,251,251,167,310,165,381,259,183,274,449,172,147,160,256,303,440,154,98,297,228,204,357,110,192,497,205,236,183,96,242,263,255,206,190,192,214,174,280,711,652,320,242,222,174,285,182,112,404,116,193,154,241,130,78,209,423,238,148,242,203,107,133,175,138,226,156,185,194,57,91,1055,149,217,143,268,244,108,141,179,NA,NA,NA,NA,NA,NA,NA,NA,NA,NA,NA,NA,NA,NA,NA,NA,NA,NA,NA,NA,NA,NA,NA,NA,NA,NA,NA,NA,NA,NA,NA,NA,NA,NA,NA,NA,NA,NA,NA,NA,NA,NA,NA,NA,NA,NA,NA,NA,NA,NA,NA,NA,NA,NA,NA,NA,NA,NA,NA,NA,NA,NA,NA,NA,NA,NA,NA
"6",313,348,272,156,176,749,338,244,380,218,189,360,314,308,649,377,206,262,273,134,389,834,258,471,352,421,298,224,321,182,195,280,160,332,205,123,138,452,693,222,353,598,600,135,230,1363,232,179,287,476,198,183,154,283,186,364,425,448,594,343,298,147,230,309,110,86,283,215,115,202,218,131,183,142,613,481,253,195,310,604,221,197,256,210,162,434,745,481,330,155,131,187,417,199,201,341,986,620,374,510,183,271,274,109,154,448,104,287,171,298,219,446,383,239,215,146,185,161,305,266,226,509,161,248,321,144,94,215,94,237,216,325,225,241,381,305,94,293,212,317,160,302,515,390,185,112,236,236,373,193,248,237,173,270,174,434,217,227,298,470,185,118,154,262,330,402,144,97,319,197,211,363,103,231,504,201,269,199,105,274,306,268,231,192,199,180,193,297,729,649,336,262,228,168,242,142,97,486,140,203,171,232,159,69,207,407,269,161,218,190,90,130,221,145,223,182,186,235,64,99,1115,160,216,114,358,281,106,148,200,247,116,233,143,189,224,156,163,156,NA,NA,NA,NA,NA,NA,NA,NA,NA,NA,NA,NA,NA,NA,NA,NA,NA,NA,NA,NA,NA,NA,NA,NA,NA,NA,NA,NA,NA,NA,NA,NA,NA,NA,NA,NA,NA,NA,NA,NA,NA,NA,NA,NA,NA,NA,NA,NA,NA,NA,NA,NA,NA,NA,NA,NA,NA,NA
"7",412,392,273,193,224,802,410,324,430,216,225,371,353,370,728,464,250,214,293,178,480,938,265,369,418,470,351,256,303,190,232,330,187,313,239,134,167,479,696,257,355,648,705,154,254,1512,244,210,339,559,224,222,183,313,230,310,439,446,621,358,270,158,272,316,125,92,323,251,136,187,252,154,199,147,689,400,271,182,399,669,257,259,268,242,152,463,859,528,394,193,139,225,383,227,282,380,1049,670,403,569,199,329,337,123,173,483,124,366,233,374,248,488,521,231,265,174,240,205,308,278,263,565,196,286,397,158,104,230,115,262,245,326,233,279,443,358,125,342,257,352,174,306,480,434,192,114,270,284,347,271,300,307,209,351,200,471,292,189,321,519,202,164,185,343,395,473,139,115,363,278,241,409,138,231,543,240,258,227,132,300,344,248,246,203,236,211,203,331,842,742,395,339,260,193,250,168,110,537,174,253,221,246,142,87,249,322,267,126,271,233,121,119,210,144,286,183,231,230,83,125,1273,155,224,145,380,323,123,153,229,280,140,221,153,166,243,230,181,160,186,251,295,850,103,427,174,368,107,NA,NA,NA,NA,NA,NA,NA,NA,NA,NA,NA,NA,NA,NA,NA,NA,NA,NA,NA,NA,NA,NA,NA,NA,NA,NA,NA,NA,NA,NA,NA,NA,NA,NA,NA,NA,NA,NA,NA,NA,NA,NA,NA,NA,NA,NA,NA,NA,NA
"8",323,424,317,175,211,906,374,306,472,249,205,364,382,379,739,470,220,262,314,151,482,955,263,471,400,509,348,333,400,180,231,343,198,330,263,137,166,578,733,218,390,674,732,171,276,1435,268,210,314,541,232,214,168,305,238,371,458,476,668,378,404,153,327,337,131,99,318,244,125,226,253,136,201,138,736,484,318,252,327,674,247,209,280,232,211,532,973,591,423,164,154,215,422,235,400,404,1129,709,419,624,194,322,320,110,174,488,103,346,181,384,228,401,560,288,241,165,211,187,358,304,265,592,191,281,370,154,101,235,110,264,250,398,241,262,433,379,109,314,264,354,192,340,509,430,198,130,301,259,427,247,315,285,191,320,213,543,246,270,340,549,216,134,186,344,577,456,146,119,410,217,263,445,113,257,591,241,327,260,142,321,401,285,290,207,259,195,214,358,837,746,394,345,246,187,274,155,116,554,191,213,201,289,183,77,239,432,299,166,240,258,98,113,239,162,314,178,247,283,81,119,1296,163,257,129,419,357,122,177,201,290,177,245,189,170,260,258,171,203,233,259,268,834,113,449,166,322,105,411,354,172,480,424,614,NA,NA,NA,NA,NA,NA,NA,NA,NA,NA,NA,NA,NA,NA,NA,NA,NA,NA,NA,NA,NA,NA,NA,NA,NA,NA,NA,NA,NA,NA,NA,NA,NA,NA,NA,NA,NA,NA,NA,NA,NA,NA,NA
"9",314,446,358,181,207,960,404,330,496,249,209,388,455,401,798,548,238,270,341,165,495,936,279,473,423,544,381,356,422,195,250,365,222,322,285,143,172,593,779,225,488,697,779,183,294,1498,265,221,331,573,233,225,175,347,264,369,483,525,690,380,412,154,348,492,148,115,329,250,136,234,259,159,205,171,816,496,344,268,353,709,265,222,309,250,215,565,1030,589,441,230,173,247,477,257,430,455,1203,581,420,636,198,334,331,120,180,454,103,370,187,408,237,562,562,288,248,168,224,197,384,323,267,623,197,285,423,154,108,253,108,276,260,466,221,280,473,381,100,327,272,388,224,372,507,453,201,127,308,289,484,260,335,323,204,346,225,628,241,237,373,605,222,134,189,390,596,471,159,127,410,229,287,478,119,255,613,241,309,264,154,364,415,308,302,227,266,182,242,401,878,888,425,275,268,193,363,162,122,648,235,224,224,339,208,80,265,456,308,151,241,281,90,120,264,169,357,190,290,311,89,128,1403,164,268,142,434,358,124,171,212,330,181,278,226,167,261,264,198,223,273,283,280,910,124,490,180,403,108,439,312,182,371,543,631,161,NA,NA,NA,NA,NA,NA,NA,NA,NA,NA,NA,NA,NA,NA,NA,NA,NA,NA,NA,NA,NA,NA,NA,NA,NA,NA,NA,NA,NA,NA,NA,NA,NA,NA,NA,NA,NA,NA,NA,NA,NA,NA
"10",366,462,389,200,244,1012,429,369,564,251,222,379,544,458,843,640,274,245,381,188,528,1133,302,523,482,635,404,382,446,210,278,388,239,312,307,166,183,610,795,246,385,738,875,201,322,1586,294,230,348,620,249,242,189,369,283,357,529,545,1010,402,448,162,377,569,157,132,374,271,152,244,273,165,208,189,849,456,346,298,382,764,304,250,339,274,242,568,1124,649,471,259,188,258,540,282,528,480,1261,840,461,740,214,359,369,112,186,535,110,418,210,416,254,607,638,291,264,176,226,228,421,343,284,673,236,315,541,153,121,268,121,294,277,470,271,322,519,410,113,416,293,400,247,399,508,567,238,131,333,303,507,300,376,380,216,407,264,670,278,251,402,658,231,154,201,410,715,458,184,134,434,231,317,487,142,292,642,281,303,304,173,408,413,308,312,256,307,212,249,393,1017,912,456,307,309,201,397,185,148,708,269,284,254,367,238,86,291,433,404,159,269,323,101,132,257,175,383,240,320,342,91,128,1469,196,313,143,455,450,139,170,209,378,198,306,271,168,288,276,220,225,285,302,300,1045,134,522,259,408,108,449,340,184,396,414,684,168,830,269,75,479,229,NA,NA,NA,NA,NA,NA,NA,NA,NA,NA,NA,NA,NA,NA,NA,NA,NA,NA,NA,NA,NA,NA,NA,NA,NA,NA,NA,NA,NA,NA,NA,NA,NA,NA,NA,NA,NA
"11",366,523,446,221,271,1127,473,426,632,357,246,385,576,487,882,684,295,225,395,211,583,1276,351,712,531,695,437,369,370,197,310,434,262,318,334,219,197,707,866,268,377,832,1000,218,343,1669,321,241,367,667,244,259,192,402,308,338,535,493,1064,395,445,173,405,607,171,129,391,296,164,246,287,183,223,201,953,425,366,330,410,789,333,276,342,293,244,636,1226,745,523,267,199,276,568,315,577,479,1288,921,495,773,229,379,391,110,200,564,123,443,232,423,271,666,673,331,289,190,261,247,449,367,308,715,242,332,573,165,128,284,128,309,293,477,286,360,551,436,117,427,324,425,278,388,487,651,257,122,369,318,554,330,410,455,239,451,285,718,284,248,436,727,255,162,216,504,787,455,185,151,477,254,351,500,162,300,659,320,319,359,183,404,446,321,330,276,323,213,274,399,1100,968,491,332,332,225,405,201,164,781,315,419,299,354,242,92,318,432,450,173,285,356,103,150,269,193,326,275,409,355,90,143,1547,231,357,149,494,474,147,188,231,415,207,342,230,175,301,295,177,252,334,282,355,1147,120,577,243,466,116,484,338,209,440,357,681,195,882,289,85,525,248,1336,266,NA,NA,NA,NA,NA,NA,NA,NA,NA,NA,NA,NA,NA,NA,NA,NA,NA,NA,NA,NA,NA,NA,NA,NA,NA,NA,NA,NA,NA,NA,NA,NA,NA,NA,NA
"12",309,535,482,232,265,1180,509,437,638,378,242,399,640,531,937,739,285,269,436,205,603,1278,356,774,535,708,502,415,527,203,301,450,294,332,337,242,198,769,912,254,502,886,1055,230,401,1687,301,246,382,698,271,255,187,409,297,367,585,611,1092,472,541,169,434,657,233,146,426,318,176,271,283,141,226,217,976,472,391,383,389,837,324,278,332,289,263,669,1274,798,517,261,203,277,597,353,612,522,1404,961,523,785,231,394,388,110,201,570,110,448,208,435,269,693,704,382,282,192,245,261,472,356,327,739,252,338,595,165,132,297,113,314,289,534,260,342,597,445,103,433,327,448,280,485,515,670,287,129,372,311,657,323,431,465,248,442,307,694,270,292,477,770,275,148,265,543,833,408,157,175,556,232,379,553,150,302,735,363,315,381,185,439,479,349,349,279,371,207,286,466,1225,1010,535,339,317,222,347,207,167,862,310,365,314,404,235,90,317,459,455,181,275,398,94,141,301,206,470,265,393,396,87,150,1652,242,365,137,488,488,143,222,224,421,211,381,260,193,356,318,173,290,307,305,343,1112,124,585,246,503,110,475,380,214,471,429,709,212,938,404,64,538,270,1696,225,407,804,520,1448,589,172,NA,NA,NA,NA,NA,NA,NA,NA,NA,NA,NA,NA,NA,NA,NA,NA,NA,NA,NA,NA,NA,NA,NA,NA,NA,NA,NA,NA,NA
"13",375,571,521,243,292,1260,555,499,722,396,269,382,690,540,1017,807,324,242,487,236,625,1427,386,823,629,775,556,431,399,202,332,456,315,309,372,229,203,658,950,266,536,951,1124,236,446,1740,311,279,392,755,278,284,196,439,268,342,623,642,1251,476,576,173,474,713,250,157,471,341,191,284,286,129,236,228,1038,428,407,369,420,878,360,300,343,300,290,722,1357,819,524,224,205,304,621,411,599,545,1490,1014,582,872,296,417,391,107,218,611,113,476,231,449,287,744,768,392,296,209,256,265,498,446,367,804,244,351,693,172,131,321,115,328,303,542,311,392,663,524,108,453,356,474,311,508,506,763,293,128,404,311,596,367,463,540,268,496,320,720,284,360,505,824,280,160,285,600,1055,345,177,196,614,247,397,563,163,334,820,372,352,331,206,462,516,344,372,301,384,231,306,499,1318,1035,607,387,344,240,406,223,162,882,337,394,341,394,251,101,332,453,520,188,300,555,98,152,308,220,520,303,448,437,83,162,1724,279,398,167,492,527,150,239,250,485,234,368,277,194,309,364,179,305,376,343,348,1218,139,642,245,482,108,499,400,248,518,482,735,229,1035,386,69,655,285,1715,248,505,912,533,1549,601,173,397,205,404,286,92,NA,NA,NA,NA,NA,NA,NA,NA,NA,NA,NA,NA,NA,NA,NA,NA,NA,NA,NA,NA,NA,NA,NA,NA
"14",312,654,558,255,293,1337,601,553,784,422,269,367,723,589,1077,834,311,248,527,233,691,1485,475,867,679,799,611,456,592,197,336,485,356,317,397,294,205,802,992,283,639,1013,1219,254,507,1782,337,274,406,798,307,288,191,460,310,351,693,670,1833,427,615,175,510,758,272,175,503,357,200,302,304,144,252,248,1096,454,438,431,428,936,368,313,350,310,296,789,1470,874,580,255,210,319,594,421,657,556,1545,1432,625,893,296,438,394,117,210,620,116,499,245,459,293,752,782,415,309,209,249,275,521,424,395,848,274,345,747,172,133,338,119,344,307,561,305,437,750,561,109,476,379,499,313,523,510,857,304,129,439,316,601,392,510,585,287,490,327,713,272,368,667,885,295,158,286,638,1122,409,182,202,681,240,441,597,163,347,929,392,345,403,210,515,557,373,390,316,411,235,333,500,1437,1085,715,408,382,238,488,231,175,955,371,429,363,469,265,101,333,461,570,185,298,495,102,153,284,239,540,347,519,463,89,161,1818,302,420,173,525,542,165,281,257,535,258,389,358,198,362,370,183,321,409,365,331,1246,131,661,262,624,107,484,434,274,561,527,775,244,1087,399,66,702,298,1862,255,528,996,548,1616,601,188,411,210,417,292,97,534,NA,NA,NA,NA,NA,NA,NA,NA,NA,NA,NA,NA,NA,NA,NA,NA,NA,NA,NA,NA,NA,NA,NA
"15",338,704,619,272,319,1399,664,608,780,404,286,392,812,651,1050,894,323,252,592,233,744,1599,474,902,730,932,591,496,570,189,348,486,388,316,415,308,215,947,1051,288,588,1064,1638,277,514,1794,385,289,424,849,321,313,191,487,284,353,722,741,1907,451,656,181,552,845,267,181,542,380,216,311,302,124,260,222,1158,457,482,450,439,973,386,323,345,320,354,803,1535,940,598,211,234,337,772,426,736,605,1654,1542,643,931,293,460,396,113,212,633,114,533,253,498,305,830,840,480,316,218,253,287,553,442,402,888,286,340,800,173,135,349,112,364,316,588,308,461,766,598,104,466,410,511,330,556,521,979,326,128,457,320,746,416,564,619,320,544,354,696,279,318,652,939,319,159,289,690,1212,417,247,245,705,233,476,658,165,380,961,401,339,422,224,612,568,401,408,333,447,220,346,546,1543,1137,815,423,395,230,532,269,211,992,439,471,398,491,249,103,344,500,588,253,303,597,106,158,343,258,561,338,538,484,85,163,1917,322,342,180,537,548,178,299,262,553,234,492,404,215,361,399,197,343,447,402,355,1330,141,692,296,837,107,509,426,270,617,565,776,265,1193,448,68,802,325,1903,266,560,1037,593,1720,609,191,461,190,442,303,106,552,99,136,202,NA,NA,NA,NA,NA,NA,NA,NA,NA,NA,NA,NA,NA,NA,NA,NA,NA,NA,NA,NA
"16",304,758,732,273,327,1478,711,618,882,467,284,350,881,579,1167,896,297,267,635,234,805,1420,559,944,776,984,678,556,632,178,365,473,441,315,446,353,227,1033,1115,296,634,1129,1754,301,581,1728,427,304,434,897,327,315,198,516,286,362,758,732,2003,525,704,177,610,877,295,158,571,395,223,338,315,124,276,230,1466,486,479,470,420,998,392,312,357,326,397,874,1622,989,653,222,226,353,716,355,714,640,1788,1455,692,916,336,476,395,115,216,594,110,564,253,471,305,710,896,536,316,231,254,290,592,439,395,935,314,374,1144,176,108,369,113,371,326,641,310,431,830,663,98,528,446,542,326,571,499,812,317,142,514,307,834,407,584,626,338,551,326,746,268,371,683,957,394,147,354,723,1279,396,186,269,749,227,461,672,168,361,977,444,400,452,234,513,591,453,416,362,438,238,362,595,1475,1186,819,453,400,239,510,232,224,1009,446,463,400,609,256,101,388,513,586,234,292,637,103,151,354,277,683,432,613,535,79,158,2038,324,357,183,549,578,190,338,280,577,281,433,362,198,381,432,188,365,504,467,361,1815,131,743,249,865,110,597,484,284,656,609,838,296,1276,412,66,784,332,2066,309,662,1098,594,1788,623,199,519,216,480,318,150,574,103,123,197,75,326,1045,696,195,215,212,183,200,NA,NA,NA,NA,NA,NA,NA,NA,NA,NA,NA
"17",391,756,739,321,391,1548,746,713,967,NA,302,387,941,635,1160,951,338,229,648,271,867,1741,580,947,779,1080,704,563,631,185,400,505,435,304,515,NA,240,827,1134,361,649,1191,1845,322,599,1848,410,335,461,951,368,356,204,585,321,327,816,741,2686,496,747,175,628,925,335,210,NA,430,242,365,344,140,NA,299,1574,415,NA,514,493,1030,441,370,365,364,400,883,1744,1042,713,242,225,385,791,525,804,696,1680,1770,734,1040,340,489,419,120,223,686,117,631,281,530,326,900,924,596,340,255,280,343,713,542,416,1018,337,376,1209,191,150,389,134,411,338,658,338,560,925,690,122,422,500,592,NA,644,493,NA,330,138,500,304,780,468,667,737,379,619,337,806,305,336,1015,1011,411,170,359,969,1395,382,223,293,837,261,529,651,200,373,1048,437,379,449,220,753,617,437,460,372,428,252,383,558,1789,1365,805,560,474,245,574,271,234,1015,522,479,435,536,253,102,428,489,671,225,354,724,124,191,326,275,701,436,799,594,78,176,2049,371,403,230,574,585,197,330,298,621,275,489,410,208,373,444,201,371,525,536,402,1817,139,788,351,915,115,636,468,307,715,586,827,332,1398,451,73,873,335,2064,315,677,1083,601,1826,620,224,564,227,498,305,132,522,112,141,210,88,315,1061,697,186,202,211,191,199,371,181,487,NA,NA,NA,NA,NA,NA,NA,NA
"18",413,803,786,328,428,1642,812,799,1029,NA,321,364,996,635,1163,1006,348,215,728,275,904,1574,594,NA,838,1116,718,597,638,178,451,520,511,304,558,NA,289,892,1193,400,642,1275,1946,350,585,1811,384,368,483,1026,368,356,208,620,350,318,868,769,2786,514,777,182,665,919,356,NA,NA,455,NA,359,371,133,NA,308,1739,398,NA,451,521,1073,437,414,381,376,409,916,1872,1088,767,257,224,413,801,579,851,711,1745,1846,732,1046,386,420,435,122,227,728,130,674,296,702,338,956,951,645,362,262,311,372,750,558,466,1087,413,407,1329,198,151,421,144,440,353,703,422,547,975,769,135,600,543,630,NA,NA,474,NA,352,135,616,281,857,495,746,803,510,633,399,734,316,397,1172,1052,416,180,360,NA,1708,421,229,346,875,275,622,749,208,388,1171,449,435,484,226,NA,NA,458,495,381,444,263,403,539,1956,1414,974,574,463,263,606,307,258,1111,547,525,466,598,199,104,447,451,716,208,341,787,133,196,326,277,747,458,847,633,79,170,1922,395,430,262,759,607,209,357,326,688,280,522,443,165,394,474,201,396,574,561,427,1400,128,804,418,1108,111,620,510,330,778,566,847,376,1479,464,59,915,325,2045,337,752,1187,628,1864,670,231,577,220,546,310,175,554,106,154,227,93,279,1097,718,239,251,247,235,247,387,237,544,249,269,845,195,NA,NA,NA,NA
"19",392,867,879,326,458,NA,856,860,1084,NA,NA,376,1040,NA,1189,1097,349,229,822,260,984,2125,680,NA,1232,1258,745,642,711,198,471,503,515,300,565,NA,283,1141,1235,391,760,1399,2084,357,623,1826,476,363,492,1082,399,352,NA,636,457,333,856,811,3948,505,837,231,713,1046,387,NA,NA,NA,NA,404,380,NA,NA,322,NA,424,NA,496,537,1219,452,418,378,384,432,977,1959,1155,777,NA,233,406,882,606,880,760,1876,1957,781,1058,387,491,427,115,241,NA,113,690,302,582,348,1023,1053,695,358,261,273,360,764,583,480,1176,405,419,1407,188,161,439,132,425,NA,780,348,638,1064,806,118,636,556,649,NA,NA,499,NA,358,134,609,295,1011,491,802,837,565,635,444,886,320,380,1250,1088,444,166,NA,NA,1681,377,230,370,883,252,668,782,198,409,1232,516,430,491,221,NA,NA,459,499,NA,445,246,439,614,2111,1486,1391,529,485,268,605,319,255,1133,573,575,457,688,232,102,372,514,787,235,338,824,132,184,381,286,814,523,1028,751,74,176,2111,458,444,252,791,636,212,386,314,724,286,604,521,216,395,516,206,529,567,608,445,1960,155,938,445,1239,107,670,523,324,796,625,921,397,1616,570,60,1005,343,2276,321,777,1296,641,1964,665,254,655,216,566,309,189,586,107,145,210,91,343,1162,741,230,247,234,220,245,564,219,517,237,248,1267,198,218,369,1143,445
"20",317,987,1002,325,455,NA,927,NA,1082,NA,NA,305,1097,NA,1357,1172,329,272,1001,226,1009,1755,746,NA,1382,1377,783,718,813,190,485,468,504,383,716,NA,304,1323,1103,386,709,1121,2228,372,733,1649,504,367,489,1182,387,359,NA,635,384,366,791,642,4027,NA,909,214,722,1049,399,NA,NA,NA,NA,416,413,NA,NA,332,NA,489,NA,527,476,1251,437,384,384,382,464,983,2017,1036,830,NA,201,359,833,479,722,747,2011,NA,821,853,375,481,399,123,NA,NA,121,737,300,468,360,932,1130,694,349,272,253,337,628,NA,409,1038,344,370,1305,197,NA,492,113,415,NA,744,NA,494,NA,803,108,663,592,NA,NA,NA,493,NA,369,147,576,295,1126,473,812,863,605,612,NA,932,283,392,1278,862,433,NA,NA,NA,1770,NA,344,386,917,234,553,875,172,401,1164,520,412,473,171,NA,NA,488,498,NA,455,228,418,654,NA,NA,NA,552,439,265,NA,NA,NA,1176,471,570,453,784,240,114,319,561,792,253,292,829,NA,162,407,321,882,448,1088,NA,75,167,2309,469,539,228,598,643,223,441,325,715,281,515,479,193,396,483,174,521,592,671,466,2129,132,853,337,1115,111,724,550,333,769,647,911,376,1611,570,59,885,346,2267,325,857,1447,681,2029,644,291,682,209,562,309,149,627,100,145,191,74,384,1185,777,242,255,235,197,252,576,220,470,259,259,1261,199,320,389,1134,567
"21",415,977,1041,369,518,NA,961,NA,1143,NA,NA,389,1182,NA,1288,1175,357,216,1062,281,1052,2407,702,NA,1298,1484,768,785,720,214,533,512,581,NA,755,NA,313,1031,1307,463,750,NA,2313,382,748,1896,432,NA,522,1270,433,396,NA,690,487,314,941,937,4306,NA,925,232,664,1178,443,NA,NA,NA,NA,366,448,NA,NA,348,NA,399,NA,577,579,1368,483,470,378,396,463,1031,2140,1254,871,NA,227,427,975,557,961,828,2010,NA,858,1063,387,479,440,131,NA,NA,129,773,336,630,383,1142,1027,683,387,285,291,409,849,NA,534,1259,400,413,1607,202,NA,518,140,472,NA,885,NA,706,NA,859,133,NA,635,NA,NA,NA,479,NA,386,141,637,279,1041,560,855,1000,647,649,NA,930,332,420,1694,NA,487,NA,NA,NA,NA,NA,NA,532,1020,276,760,847,219,431,1323,500,404,472,255,NA,NA,466,566,NA,NA,239,596,660,NA,NA,NA,NA,486,NA,NA,NA,NA,1199,544,637,498,799,NA,103,NA,468,900,281,316,763,NA,208,433,311,879,582,996,NA,72,217,2161,546,558,291,832,619,250,491,360,821,255,550,554,181,395,571,193,668,611,760,495,2052,183,922,458,1196,119,757,498,382,903,589,924,446,1830,630,62,1122,382,2453,321,901,1374,688,1966,633,296,673,212,644,320,199,585,110,170,232,90,396,1246,848,226,252,238,223,245,500,220,521,286,261,1235,208,369,449,1184,599
"22",333,1054,1181,408,550,NA,1028,NA,1256,NA,NA,367,1256,NA,1233,1282,372,257,1183,242,1213,2730,893,NA,1397,1574,834,837,834,201,539,493,611,NA,830,NA,304,1423,1423,436,956,NA,NA,388,818,1928,570,NA,513,1297,434,382,NA,655,482,352,995,961,4640,NA,1052,223,711,1267,462,NA,NA,NA,NA,504,470,NA,NA,402,NA,464,NA,641,558,1505,486,472,368,397,490,1105,NA,NA,896,NA,235,423,1015,741,1003,840,2231,NA,927,1160,438,550,410,121,NA,NA,114,NA,322,785,377,1196,NA,780,361,279,256,546,843,NA,547,1397,412,426,1724,185,NA,550,117,444,NA,929,NA,751,NA,959,104,NA,660,NA,NA,NA,513,NA,414,139,638,300,1261,573,872,1048,662,693,NA,1037,332,479,1792,NA,508,NA,NA,NA,NA,NA,NA,509,1126,231,783,916,198,430,1422,577,402,490,262,NA,NA,476,513,NA,NA,246,600,709,NA,NA,NA,NA,509,NA,NA,NA,NA,1251,770,876,516,905,NA,99,NA,577,1024,294,264,882,NA,180,492,332,973,592,982,NA,71,189,2409,536,605,282,846,679,255,NA,NA,903,301,549,492,212,408,580,205,533,615,819,486,2297,221,1179,485,1203,107,776,701,359,956,675,1011,441,1975,612,59,1228,383,2745,329,978,1619,735,2269,654,300,737,223,656,295,216,640,108,183,211,80,348,1334,894,222,244,224,216,235,585,209,562,292,262,1388,211,390,487,1227,624
"23",349,1128,1278,439,567,NA,1120,NA,1268,NA,NA,299,1301,NA,NA,1206,372,207,1282,220,1296,NA,998,NA,1531,1580,863,915,940,221,588,461,577,NA,NA,NA,329,1551,1341,450,892,NA,NA,408,831,1886,570,NA,NA,1439,428,390,NA,682,530,372,899,NA,NA,NA,1118,209,703,1114,494,NA,NA,NA,NA,487,505,NA,NA,311,NA,490,NA,654,511,1434,471,471,386,NA,563,1535,NA,NA,944,NA,NA,NA,1261,NA,938,782,2282,NA,950,NA,NA,599,407,129,NA,NA,109,NA,322,603,387,1106,NA,812,359,301,254,NA,713,NA,489,1278,354,346,NA,189,NA,587,111,454,NA,936,NA,605,NA,969,112,NA,701,NA,NA,NA,621,NA,415,152,620,305,1414,584,971,1124,721,682,NA,NA,316,467,1845,NA,478,NA,NA,NA,NA,NA,NA,525,1048,224,592,957,184,NA,1345,571,330,510,NA,NA,NA,NA,519,NA,NA,213,575,746,NA,NA,NA,NA,501,NA,NA,NA,NA,1286,797,NA,442,956,NA,104,NA,509,872,378,274,869,NA,165,NA,356,1017,557,1122,NA,71,NA,2502,514,726,NA,725,634,254,NA,NA,881,239,522,NA,277,383,480,181,587,735,859,498,2591,NA,1270,NA,1353,104,794,541,388,983,716,1002,426,1717,643,52,1070,414,3227,309,1025,1715,824,2143,622,328,830,186,637,308,170,671,128,274,205,82,398,1304,925,189,234,211,192,211,599,204,468,330,273,1316,195,431,539,1188,537
"24",344,1145,NA,448,616,NA,1256,NA,1356,NA,NA,372,1427,NA,NA,1268,389,252,1405,239,1370,NA,1026,NA,1741,1704,874,959,975,203,627,488,NA,NA,NA,NA,NA,1591,1496,481,1078,NA,NA,416,881,2061,627,NA,NA,1499,465,411,NA,719,550,349,1105,NA,NA,NA,NA,229,862,1454,514,NA,NA,NA,NA,516,533,NA,NA,462,NA,443,NA,720,566,1546,506,508,368,NA,585,1580,NA,NA,1015,NA,NA,NA,1403,NA,1067,931,2388,NA,1018,NA,NA,673,412,117,NA,NA,108,NA,344,NA,400,1396,NA,856,379,300,257,NA,898,NA,574,1573,405,427,NA,186,NA,623,125,474,NA,994,NA,889,NA,1127,109,NA,NA,NA,NA,NA,640,NA,604,141,660,301,1407,633,1013,NA,742,NA,NA,NA,348,487,1984,NA,586,NA,NA,NA,NA,NA,NA,661,1247,233,846,979,207,NA,1534,631,412,538,NA,NA,NA,NA,543,NA,NA,247,755,763,NA,NA,NA,NA,543,NA,NA,NA,NA,1359,959,NA,477,996,NA,98,NA,511,1211,450,277,1047,NA,186,NA,367,1152,678,NA,NA,64,NA,2469,513,873,NA,753,690,252,NA,NA,1030,271,NA,NA,265,428,636,215,565,751,951,NA,2712,NA,1298,NA,2029,104,834,764,398,1142,720,1061,493,2224,674,58,1270,415,3076,343,1099,1814,869,2399,663,336,802,225,714,299,235,647,109,340,191,88,342,1439,967,226,248,240,228,243,580,231,600,398,267,1545,217,435,567,1280,603
"25",333,1273,NA,446,645,NA,1368,NA,1443,NA,NA,322,1526,NA,NA,1329,384,264,1585,234,1479,NA,1143,NA,1883,1889,912,1070,1063,207,646,473,NA,NA,NA,NA,NA,1696,1486,496,1135,NA,NA,437,914,2080,646,NA,NA,1587,NA,437,NA,728,607,369,1124,NA,NA,NA,NA,213,NA,1476,544,NA,NA,NA,NA,557,562,NA,NA,496,NA,496,NA,787,546,1669,502,533,374,NA,637,1654,NA,NA,1042,NA,NA,NA,1455,NA,1106,917,2419,NA,1057,NA,NA,714,413,130,NA,NA,108,NA,338,NA,402,1384,NA,927,382,333,251,NA,769,NA,533,NA,394,415,NA,182,NA,662,103,477,NA,1040,NA,840,NA,1037,101,NA,NA,NA,NA,NA,646,NA,591,148,677,296,1605,626,1098,NA,787,NA,NA,NA,333,505,2072,NA,577,NA,NA,NA,NA,NA,NA,753,1373,234,746,1002,202,NA,1528,658,406,526,NA,NA,NA,NA,535,NA,NA,245,724,818,NA,NA,NA,NA,538,NA,NA,NA,NA,1441,970,NA,461,1109,NA,105,NA,535,1161,NA,350,1266,NA,170,NA,411,1242,627,NA,NA,63,NA,2667,533,919,NA,755,696,258,NA,NA,1115,262,NA,NA,260,427,622,195,604,898,1062,NA,2642,NA,NA,NA,1844,104,873,NA,400,1108,851,1091,510,2294,696,53,1234,488,3358,344,1161,2021,923,2525,663,357,968,209,740,310,215,676,114,328,201,76,396,1513,910,195,218,194,228,245,620,228,568,400,254,1667,227,488,585,1329,616
"26",306,1368,NA,453,664,NA,1514,NA,NA,NA,NA,333,NA,NA,NA,1353,384,200,NA,229,NA,NA,1247,NA,1946,NA,950,1178,1124,188,691,466,NA,NA,NA,NA,NA,1819,1480,521,1179,NA,NA,461,1021,2133,667,NA,NA,1640,NA,459,NA,753,655,371,1158,NA,NA,NA,NA,201,NA,1437,555,NA,NA,NA,NA,589,596,NA,NA,541,NA,491,NA,868,553,1711,501,557,387,NA,657,1709,NA,NA,1100,NA,NA,NA,1202,NA,955,906,NA,NA,1130,NA,NA,769,414,127,NA,NA,108,NA,343,NA,426,1249,NA,972,379,352,244,NA,NA,NA,566,NA,381,422,NA,191,NA,706,101,488,NA,1075,NA,777,NA,828,105,NA,NA,NA,NA,NA,640,NA,588,149,708,406,1761,682,NA,NA,794,NA,NA,NA,324,530,2164,NA,606,NA,NA,NA,NA,NA,NA,881,1486,229,674,1031,NA,NA,1630,697,407,558,NA,NA,NA,NA,544,NA,NA,241,709,800,NA,NA,NA,NA,551,NA,NA,NA,NA,1650,NA,NA,NA,1175,NA,102,NA,586,991,NA,501,1324,NA,168,NA,406,1287,624,NA,NA,55,NA,2648,584,959,NA,785,686,258,NA,NA,1141,281,NA,NA,266,436,570,185,NA,926,NA,NA,2285,NA,NA,NA,1838,104,902,NA,NA,1179,891,1059,499,NA,690,53,1181,476,3639,364,1248,2117,986,2459,667,376,1012,225,778,303,213,685,103,366,203,69,392,1592,881,222,248,236,247,230,599,225,538,422,230,1737,229,512,708,1333,646
"27",416,1364,NA,499,751,NA,1408,NA,NA,NA,NA,384,NA,NA,NA,1165,399,214,NA,270,NA,NA,1235,NA,1913,NA,928,1218,1003,198,764,499,NA,NA,NA,NA,NA,1578,NA,612,1191,NA,NA,482,1008,2222,704,NA,NA,1661,NA,476,NA,818,672,311,1215,NA,NA,NA,NA,213,NA,1712,592,NA,NA,NA,NA,528,639,NA,NA,591,NA,395,NA,NA,652,1749,523,648,388,NA,645,1751,NA,NA,1162,NA,NA,NA,1224,NA,1156,1093,NA,NA,1171,NA,NA,687,445,121,NA,NA,126,NA,362,NA,483,1637,NA,908,414,376,288,NA,NA,NA,620,NA,418,400,NA,199,NA,744,138,556,NA,1060,NA,985,NA,NA,121,NA,NA,NA,NA,NA,646,NA,637,146,666,NA,1443,737,NA,NA,870,NA,NA,NA,390,506,2207,NA,650,NA,NA,NA,NA,NA,NA,1050,1586,277,970,930,NA,NA,1662,634,362,503,NA,NA,NA,NA,595,NA,NA,241,902,759,NA,NA,NA,NA,573,NA,NA,NA,NA,1554,NA,NA,NA,1075,NA,101,NA,467,1402,NA,454,NA,NA,219,NA,428,1311,695,NA,NA,70,NA,2220,634,1082,NA,823,648,NA,NA,NA,1292,232,NA,NA,312,364,596,221,NA,773,NA,NA,2619,NA,NA,NA,1865,111,940,NA,NA,NA,832,1170,NA,NA,755,56,1555,466,3205,341,1208,1917,1023,2734,655,391,973,212,911,307,207,671,129,477,205,92,418,1763,1023,183,200,187,202,189,593,182,543,366,224,1682,237,578,703,1383,643
"28",380,1451,NA,507,806,NA,1619,NA,NA,NA,NA,380,NA,NA,NA,1238,397,214,NA,262,NA,NA,1454,NA,2091,NA,960,1168,NA,182,821,485,NA,NA,NA,NA,NA,1830,NA,642,1268,NA,NA,505,1095,2394,745,NA,NA,1777,NA,516,NA,NA,740,325,1257,NA,NA,NA,NA,198,NA,1827,609,NA,NA,NA,NA,515,NA,NA,NA,637,NA,395,NA,NA,652,1807,521,677,374,NA,637,1850,NA,NA,1172,NA,NA,NA,1462,NA,1087,1130,NA,NA,1210,NA,NA,650,449,115,NA,NA,122,NA,377,NA,503,1710,NA,1032,426,389,278,NA,NA,NA,653,NA,452,419,NA,195,NA,793,142,574,NA,1131,NA,1054,NA,NA,127,NA,NA,NA,NA,NA,655,NA,660,148,681,NA,1666,790,NA,NA,930,NA,NA,NA,376,550,2416,NA,685,NA,NA,NA,NA,NA,NA,1095,1681,267,1115,988,NA,NA,1774,700,427,486,NA,NA,NA,NA,608,NA,NA,258,NA,837,NA,NA,NA,NA,588,NA,NA,NA,NA,1693,NA,NA,NA,1212,NA,105,NA,430,NA,NA,478,NA,NA,214,NA,444,1418,649,NA,NA,68,NA,2417,519,1097,NA,880,673,NA,NA,NA,1450,257,NA,NA,243,395,647,212,NA,851,NA,NA,NA,NA,NA,NA,2045,107,NA,NA,NA,NA,661,1127,NA,NA,744,63,1413,451,3379,391,1231,2135,1085,2793,662,380,1182,217,928,302,235,709,116,519,219,88,387,1887,1060,217,242,207,229,244,454,213,592,345,216,1805,238,600,748,1403,673
"29",333,1650,NA,510,839,NA,1719,NA,NA,NA,NA,329,NA,NA,NA,1327,403,269,NA,229,NA,NA,1722,NA,2009,NA,1065,1432,NA,150,829,387,NA,NA,NA,NA,NA,2104,NA,628,1166,NA,NA,502,1259,2205,724,NA,NA,1834,NA,540,NA,NA,766,368,NA,NA,NA,NA,NA,184,NA,NA,496,NA,NA,NA,NA,593,NA,NA,NA,497,NA,468,NA,NA,590,1928,521,650,390,NA,675,1942,NA,NA,1290,NA,NA,NA,NA,NA,823,NA,NA,NA,NA,NA,NA,752,419,NA,NA,NA,111,NA,359,NA,481,NA,NA,1142,395,423,235,NA,NA,NA,522,NA,358,401,NA,192,NA,847,115,552,NA,1064,NA,NA,NA,NA,103,NA,NA,NA,NA,NA,523,NA,513,162,745,NA,1836,774,NA,NA,839,NA,NA,NA,319,546,2378,NA,613,NA,NA,NA,NA,NA,NA,924,1588,242,NA,1077,NA,NA,1508,811,418,466,NA,NA,NA,NA,590,NA,NA,237,NA,NA,NA,NA,NA,NA,676,NA,NA,NA,NA,NA,NA,NA,NA,1410,NA,100,NA,534,NA,NA,NA,NA,NA,169,NA,370,1356,NA,NA,NA,56,NA,2694,NA,935,NA,693,701,NA,NA,NA,1096,260,NA,NA,238,455,560,NA,NA,1123,NA,NA,NA,NA,NA,NA,2517,NA,NA,NA,NA,NA,965,995,NA,NA,NA,48,NA,433,4595,367,1466,2604,1241,2508,658,394,1301,206,NA,294,197,742,127,530,224,73,444,1450,820,173,232,199,227,235,565,196,512,356,234,1728,214,644,640,1339,645
"30",405,1642,NA,519,934,NA,1799,NA,NA,NA,NA,371,NA,NA,NA,1485,389,214,NA,261,NA,NA,1773,NA,1674,NA,1167,1466,NA,173,906,472,NA,NA,NA,NA,NA,2006,NA,730,1343,NA,NA,546,1219,2382,795,NA,NA,1974,NA,NA,NA,NA,934,321,NA,NA,NA,NA,NA,201,NA,NA,NA,NA,NA,NA,NA,610,NA,NA,NA,NA,NA,402,NA,NA,676,2079,541,773,380,NA,746,1905,NA,NA,1368,NA,NA,NA,NA,NA,1105,NA,NA,NA,NA,NA,NA,676,453,NA,NA,NA,130,NA,373,NA,553,NA,NA,1189,424,448,278,NA,NA,NA,707,NA,515,445,NA,197,NA,872,136,598,NA,1241,NA,NA,NA,NA,123,NA,NA,NA,NA,NA,NA,NA,717,145,746,NA,NA,NA,NA,NA,970,NA,NA,NA,372,548,2704,NA,793,NA,NA,NA,NA,NA,NA,1378,1927,264,NA,1038,NA,NA,1940,822,437,540,NA,NA,NA,NA,623,NA,NA,266,NA,NA,NA,NA,NA,NA,587,NA,NA,NA,NA,NA,NA,NA,NA,1384,NA,98,NA,437,NA,NA,NA,NA,NA,215,NA,451,1593,NA,NA,NA,58,NA,3093,NA,1141,NA,962,687,NA,NA,NA,1643,273,NA,NA,243,428,689,NA,NA,885,NA,NA,NA,NA,NA,NA,2938,NA,NA,NA,NA,NA,727,1200,NA,NA,NA,60,NA,453,NA,NA,1390,2381,1259,3092,681,NA,1235,230,NA,299,243,741,124,568,222,94,370,2015,1106,215,259,229,242,262,469,232,609,383,221,1908,245,710,891,1438,701
"31",366,1713,NA,532,997,NA,NA,NA,NA,NA,NA,366,NA,NA,NA,1669,432,233,NA,NA,NA,NA,1910,NA,2362,NA,1243,1660,NA,217,994,475,NA,NA,NA,NA,NA,2173,NA,752,1521,NA,NA,556,1346,2596,786,NA,NA,2063,NA,NA,NA,NA,984,341,NA,NA,NA,NA,NA,218,NA,NA,NA,NA,NA,NA,NA,729,NA,NA,NA,NA,NA,425,NA,NA,672,2187,558,809,366,NA,783,1996,NA,NA,1433,NA,NA,NA,NA,NA,1165,NA,NA,NA,NA,NA,NA,790,442,NA,NA,NA,117,NA,370,NA,550,NA,NA,1290,400,465,287,NA,NA,NA,733,NA,515,426,NA,191,NA,957,119,597,NA,1245,NA,NA,NA,NA,119,NA,NA,NA,NA,NA,NA,NA,720,137,756,NA,NA,NA,NA,NA,NA,NA,NA,NA,377,586,2984,NA,821,NA,NA,NA,NA,NA,NA,1478,2114,246,NA,1056,NA,NA,2034,849,419,523,NA,NA,NA,NA,565,NA,NA,254,NA,NA,NA,NA,NA,NA,582,NA,NA,NA,NA,NA,NA,NA,NA,1779,NA,98,NA,474,NA,NA,NA,NA,NA,202,NA,451,1679,NA,NA,NA,55,NA,3372,NA,883,NA,923,686,NA,NA,NA,1721,266,NA,NA,262,470,701,NA,NA,1121,NA,NA,NA,NA,NA,NA,2594,NA,NA,NA,NA,NA,737,1283,NA,NA,NA,54,NA,492,NA,NA,1588,2616,1325,4274,686,NA,1380,220,NA,292,274,770,124,653,212,83,354,1997,1157,196,224,205,223,228,482,212,604,383,240,2109,234,713,880,1445,660
"32",344,1938,NA,548,NA,NA,NA,NA,NA,NA,NA,349,NA,NA,NA,1865,452,259,NA,NA,NA,NA,2138,NA,2545,NA,1292,1847,NA,NA,1049,461,NA,NA,NA,NA,NA,2487,NA,769,1644,NA,NA,570,1546,2784,767,NA,NA,2183,NA,NA,NA,NA,1042,366,NA,NA,NA,NA,NA,215,NA,NA,NA,NA,NA,NA,NA,783,NA,NA,NA,NA,NA,478,NA,NA,622,2222,548,811,383,NA,808,2199,NA,NA,1465,NA,NA,NA,NA,NA,1264,NA,NA,NA,NA,NA,NA,895,415,NA,NA,NA,110,NA,352,NA,520,NA,NA,NA,390,475,248,NA,NA,NA,755,NA,473,433,NA,190,NA,1061,113,583,NA,1286,NA,NA,NA,NA,103,NA,NA,NA,NA,NA,NA,NA,799,150,769,NA,NA,NA,NA,NA,NA,NA,NA,NA,336,597,3156,NA,895,NA,NA,NA,NA,NA,NA,1612,2169,224,NA,1129,NA,NA,2062,906,399,532,NA,NA,NA,NA,828,NA,NA,240,NA,NA,NA,NA,NA,NA,696,NA,NA,NA,NA,NA,NA,NA,NA,1692,NA,92,NA,501,NA,NA,NA,NA,NA,177,NA,459,1729,NA,NA,NA,58,NA,3744,NA,NA,NA,925,693,NA,NA,NA,1878,264,NA,NA,291,462,686,NA,NA,1268,NA,NA,NA,NA,NA,NA,2821,NA,NA,NA,NA,NA,1059,1298,NA,NA,NA,52,NA,NA,NA,NA,1621,3207,1439,4515,643,NA,1549,209,NA,309,244,828,118,NA,219,75,426,2162,1207,196,216,214,211,216,558,213,567,385,213,2228,233,716,837,1462,622
"33",360,2051,NA,544,NA,NA,NA,NA,NA,NA,NA,371,NA,NA,NA,2147,436,226,NA,NA,NA,NA,2205,NA,2086,NA,1334,1956,NA,NA,1143,NA,NA,NA,NA,NA,NA,2353,NA,841,1677,NA,NA,591,1594,2887,817,NA,NA,2266,NA,NA,NA,NA,1094,327,NA,NA,NA,NA,NA,207,NA,NA,NA,NA,NA,NA,NA,679,NA,NA,NA,NA,NA,428,NA,NA,698,2321,562,873,370,NA,810,2301,NA,NA,1533,NA,NA,NA,NA,NA,1302,NA,NA,NA,NA,NA,NA,848,434,NA,NA,NA,118,NA,334,NA,577,NA,NA,NA,402,524,287,NA,NA,NA,792,NA,588,448,NA,190,NA,1116,123,627,NA,1376,NA,NA,NA,NA,111,NA,NA,NA,NA,NA,NA,NA,949,148,782,NA,NA,NA,NA,NA,NA,NA,NA,NA,372,609,3238,NA,983,NA,NA,NA,NA,NA,NA,1646,2493,259,NA,1130,NA,NA,2164,962,430,552,NA,NA,NA,NA,NA,NA,NA,257,NA,NA,NA,NA,NA,NA,676,NA,NA,NA,NA,NA,NA,NA,NA,2056,NA,100,NA,466,NA,NA,NA,NA,NA,203,NA,458,1809,NA,NA,NA,55,NA,NA,NA,NA,NA,1002,680,NA,NA,NA,2036,269,NA,NA,288,490,724,NA,NA,1223,NA,NA,NA,NA,NA,NA,2918,NA,NA,NA,NA,NA,1022,1319,NA,NA,NA,NA,NA,NA,NA,NA,1631,2953,1532,4665,684,NA,1546,227,NA,NA,329,814,115,NA,211,83,398,2295,1246,203,217,230,229,231,496,218,620,448,197,2341,238,753,931,1503,609
"34",301,2260,NA,554,NA,NA,NA,NA,NA,NA,NA,292,NA,NA,NA,2180,454,253,NA,NA,NA,NA,2509,NA,2750,NA,1425,2106,NA,NA,1184,NA,NA,NA,NA,NA,NA,2641,NA,880,1775,NA,NA,613,1786,2916,768,NA,NA,2197,NA,NA,NA,NA,1171,368,NA,NA,NA,NA,NA,NA,NA,NA,NA,NA,NA,NA,NA,863,NA,NA,NA,NA,NA,481,NA,NA,NA,2493,508,866,393,NA,859,2499,NA,NA,1586,NA,NA,NA,NA,NA,1362,NA,NA,NA,NA,NA,NA,916,423,NA,NA,NA,109,NA,NA,NA,542,NA,NA,NA,385,515,254,NA,NA,NA,665,NA,NA,437,NA,193,NA,1210,101,611,NA,1430,NA,NA,NA,NA,103,NA,NA,NA,NA,NA,NA,NA,NA,143,813,NA,NA,NA,NA,NA,NA,NA,NA,NA,332,621,3446,NA,902,NA,NA,NA,NA,NA,NA,1654,2688,231,NA,1162,NA,NA,2052,1034,417,561,NA,NA,NA,NA,NA,NA,NA,240,NA,NA,NA,NA,NA,NA,756,NA,NA,NA,NA,NA,NA,NA,NA,2185,NA,NA,NA,491,NA,NA,NA,NA,NA,173,NA,459,1897,NA,NA,NA,57,NA,NA,NA,NA,NA,888,701,NA,NA,NA,2135,254,NA,NA,289,497,NA,NA,NA,1399,NA,NA,NA,NA,NA,NA,2552,NA,NA,NA,NA,NA,1127,1327,NA,NA,NA,NA,NA,NA,NA,NA,1824,3721,1660,4840,648,NA,1769,207,NA,NA,NA,909,123,NA,207,72,493,2358,1213,192,244,215,220,250,580,218,560,454,NA,2493,214,977,911,1483,632
